-- phpMyAdmin SQL Dump
-- version 4.5.4.1deb2ubuntu1
-- http://www.phpmyadmin.net
--
-- Host: localhost
-- Generation Time: May 08, 2016 at 05:16 PM
-- Server version: 5.7.12-0ubuntu1
-- PHP Version: 7.0.4-7ubuntu2

SET SQL_MODE = "NO_AUTO_VALUE_ON_ZERO";
SET time_zone = "+00:00";


/*!40101 SET @OLD_CHARACTER_SET_CLIENT=@@CHARACTER_SET_CLIENT */;
/*!40101 SET @OLD_CHARACTER_SET_RESULTS=@@CHARACTER_SET_RESULTS */;
/*!40101 SET @OLD_COLLATION_CONNECTION=@@COLLATION_CONNECTION */;
/*!40101 SET NAMES utf8mb4 */;

--
-- Database: `academic_analysis`
--

-- --------------------------------------------------------

--
-- Table structure for table `admin`
--

CREATE TABLE `admin` (
  `id` int(3) NOT NULL,
  `username` varchar(255) NOT NULL,
  `password` varchar(255) NOT NULL
) ENGINE=InnoDB DEFAULT CHARSET=latin1;

--
-- Dumping data for table `admin`
--

INSERT INTO `admin` (`id`, `username`, `password`) VALUES
(1, 'root', 'root');

-- --------------------------------------------------------

--
-- Table structure for table `batches`
--

CREATE TABLE `batches` (
  `id` int(3) NOT NULL,
  `start_year` int(5) NOT NULL,
  `end_year` int(5) NOT NULL
) ENGINE=InnoDB DEFAULT CHARSET=latin1;

--
-- Dumping data for table `batches`
--

INSERT INTO `batches` (`id`, `start_year`, `end_year`) VALUES
(1, 2007, 2011),
(2, 2008, 2012),
(3, 2009, 2013),
(4, 2010, 2014),
(5, 2011, 2015),
(6, 2012, 2016),
(7, 2013, 2017),
(8, 2014, 2018);

-- --------------------------------------------------------

--
-- Table structure for table `departments`
--

CREATE TABLE `departments` (
  `id` int(3) NOT NULL,
  `department_name` varchar(50) NOT NULL
) ENGINE=InnoDB DEFAULT CHARSET=latin1;

--
-- Dumping data for table `departments`
--

INSERT INTO `departments` (`id`, `department_name`) VALUES
(1, 'Department of Computer Science and Engineering');

-- --------------------------------------------------------

--
-- Table structure for table `extra_curricular_scores`
--

CREATE TABLE `extra_curricular_scores` (
  `id` int(3) NOT NULL,
  `student_id` int(3) NOT NULL,
  `score` int(3) NOT NULL
) ENGINE=InnoDB DEFAULT CHARSET=latin1;

--
-- Dumping data for table `extra_curricular_scores`
--

INSERT INTO `extra_curricular_scores` (`id`, `student_id`, `score`) VALUES
(1, 1, 35),
(2, 2, 33),
(3, 3, 35),
(4, 4, 34),
(5, 5, 36),
(6, 6, 33),
(7, 7, 35),
(8, 8, 35),
(9, 9, 35),
(10, 10, 34),
(11, 11, 35),
(12, 12, 36),
(13, 13, 36),
(14, 14, 35),
(15, 15, 34),
(16, 16, 36),
(17, 17, 33),
(18, 18, 36),
(19, 19, 36),
(20, 20, 36),
(21, 21, 34),
(22, 22, 34),
(23, 23, 36),
(24, 24, 36),
(25, 25, 36),
(26, 26, 35),
(27, 27, 33),
(28, 28, 35),
(29, 29, 33),
(30, 30, 34),
(31, 31, 33),
(32, 32, 34),
(33, 33, 36),
(34, 34, 34),
(35, 35, 33),
(36, 36, 35),
(37, 37, 36),
(38, 38, 33),
(39, 39, 36),
(40, 40, 33),
(41, 41, 34),
(42, 42, 33),
(43, 43, 33),
(44, 44, 35),
(45, 45, 33),
(46, 46, 35),
(47, 47, 36),
(48, 48, 36),
(49, 49, 35),
(50, 50, 36),
(51, 51, 33),
(52, 52, 36),
(53, 53, 33),
(54, 54, 35),
(55, 55, 36),
(56, 56, 36),
(57, 57, 33),
(58, 58, 36),
(59, 59, 33),
(60, 60, 35),
(61, 61, 36),
(62, 62, 36),
(63, 63, 36),
(64, 64, 36),
(65, 65, 34),
(66, 66, 35),
(67, 67, 34),
(68, 68, 34),
(69, 69, 36),
(70, 70, 34),
(71, 71, 36),
(72, 72, 33),
(73, 73, 33),
(74, 74, 36),
(75, 75, 35),
(76, 76, 35),
(77, 77, 35),
(78, 78, 34),
(79, 79, 33),
(80, 80, 34),
(81, 81, 36),
(82, 82, 35),
(83, 83, 36),
(84, 84, 33),
(85, 85, 35),
(86, 86, 36),
(87, 87, 35),
(88, 88, 33),
(89, 89, 33),
(90, 90, 35),
(91, 91, 34),
(92, 92, 35),
(93, 93, 34),
(94, 94, 36),
(95, 95, 35),
(96, 96, 35),
(97, 97, 35),
(98, 98, 35),
(99, 99, 34),
(100, 100, 35),
(101, 101, 37),
(102, 102, 35),
(103, 103, 34),
(104, 104, 34),
(105, 105, 37),
(106, 106, 34),
(107, 107, 36),
(108, 108, 34),
(109, 109, 37),
(110, 110, 36),
(111, 111, 36),
(112, 112, 35),
(113, 113, 34),
(114, 114, 35),
(115, 115, 37),
(116, 116, 35),
(117, 117, 36),
(118, 118, 35),
(119, 119, 37),
(120, 120, 36),
(121, 121, 37),
(122, 122, 34),
(123, 123, 34),
(124, 124, 36),
(125, 125, 37),
(126, 126, 36),
(127, 127, 37),
(128, 128, 34),
(129, 129, 36),
(130, 130, 35),
(131, 131, 36),
(132, 132, 35),
(133, 133, 37),
(134, 134, 37),
(135, 135, 37),
(136, 136, 37),
(137, 137, 34),
(138, 138, 34),
(139, 139, 37),
(140, 140, 35),
(141, 141, 34),
(142, 142, 34),
(143, 143, 35),
(144, 144, 35),
(145, 145, 36),
(146, 146, 34),
(147, 147, 35),
(148, 148, 36),
(149, 149, 37),
(150, 150, 35),
(151, 151, 36),
(152, 152, 37),
(153, 153, 37),
(154, 154, 36),
(155, 155, 37),
(156, 156, 37),
(157, 157, 35),
(158, 158, 35),
(159, 159, 36),
(160, 160, 37),
(161, 161, 35),
(162, 162, 34),
(163, 163, 37),
(164, 164, 36),
(165, 165, 35),
(166, 166, 36),
(167, 167, 36),
(168, 168, 37),
(169, 169, 37),
(170, 170, 34),
(171, 171, 35),
(172, 172, 37),
(173, 173, 36),
(174, 174, 36),
(175, 175, 34),
(176, 176, 37),
(177, 177, 34),
(178, 178, 34),
(179, 179, 37),
(180, 180, 37),
(181, 181, 36),
(182, 182, 37),
(183, 183, 37),
(184, 184, 36),
(185, 185, 39),
(186, 186, 36),
(187, 187, 37),
(188, 188, 36),
(189, 189, 36),
(190, 190, 38),
(191, 191, 37),
(192, 192, 36),
(193, 193, 36),
(194, 194, 38),
(195, 195, 38),
(196, 196, 39),
(197, 197, 38),
(198, 198, 39),
(199, 199, 37),
(200, 200, 39),
(201, 201, 36),
(202, 202, 38),
(203, 203, 37),
(204, 204, 37),
(205, 205, 37),
(206, 206, 36),
(207, 207, 37),
(208, 208, 38),
(209, 209, 38),
(210, 210, 38),
(211, 211, 37),
(212, 212, 37),
(213, 213, 38),
(214, 214, 39),
(215, 215, 38),
(216, 216, 38),
(217, 217, 38),
(218, 218, 37),
(219, 219, 36),
(220, 220, 36),
(221, 221, 38),
(222, 222, 39),
(223, 223, 38),
(224, 224, 39),
(225, 225, 39),
(226, 226, 39),
(227, 227, 36),
(228, 228, 37),
(229, 229, 38),
(230, 230, 38),
(231, 231, 38),
(232, 232, 38),
(233, 233, 36),
(234, 234, 39),
(235, 235, 39),
(236, 236, 36),
(237, 237, 38),
(238, 238, 38),
(239, 239, 36),
(240, 240, 37),
(241, 241, 36),
(242, 242, 39),
(243, 243, 39),
(244, 244, 36),
(245, 245, 38),
(246, 246, 38),
(247, 247, 39),
(248, 248, 37),
(249, 249, 37),
(250, 250, 38),
(251, 251, 36),
(252, 252, 38),
(253, 253, 39),
(254, 254, 38),
(255, 255, 37),
(256, 256, 37),
(257, 257, 38),
(258, 258, 38),
(259, 259, 39),
(260, 260, 38),
(261, 261, 37),
(262, 262, 39),
(263, 263, 38),
(264, 264, 36),
(265, 265, 36),
(266, 266, 39),
(267, 267, 39),
(268, 268, 36),
(269, 269, 39),
(270, 270, 39),
(271, 271, 41),
(272, 272, 39),
(273, 273, 39),
(274, 274, 41),
(275, 275, 38),
(276, 276, 38),
(277, 277, 39),
(278, 278, 39),
(279, 279, 39),
(280, 280, 38),
(281, 281, 40),
(282, 282, 38),
(283, 283, 41),
(284, 284, 39),
(285, 285, 39),
(286, 286, 40),
(287, 287, 40),
(288, 288, 38),
(289, 289, 38),
(290, 290, 42),
(291, 291, 42),
(292, 292, 41),
(293, 293, 40),
(294, 294, 42),
(295, 295, 41),
(296, 296, 38),
(297, 297, 39),
(298, 298, 40),
(299, 299, 40),
(300, 300, 40),
(301, 301, 39),
(302, 302, 38),
(303, 303, 40),
(304, 304, 38),
(305, 305, 40),
(306, 306, 40),
(307, 307, 42),
(308, 308, 42),
(309, 309, 39),
(310, 310, 40),
(311, 311, 42),
(312, 312, 38),
(313, 313, 42),
(314, 314, 39),
(315, 315, 41),
(316, 316, 38),
(317, 317, 42),
(318, 318, 39),
(319, 319, 40),
(320, 320, 41),
(321, 321, 39),
(322, 322, 42),
(323, 323, 39),
(324, 324, 42),
(325, 325, 39),
(326, 326, 40),
(327, 327, 41),
(328, 328, 42),
(329, 329, 39),
(330, 330, 40),
(331, 331, 40),
(332, 332, 42),
(333, 333, 38),
(334, 334, 39),
(335, 335, 42),
(336, 336, 42),
(337, 337, 41),
(338, 338, 38),
(339, 339, 40),
(340, 340, 38),
(341, 341, 38),
(342, 342, 38),
(343, 343, 38),
(344, 344, 40),
(345, 345, 39),
(346, 346, 42),
(347, 347, 42),
(348, 348, 40),
(349, 349, 39),
(350, 350, 40),
(351, 351, 38),
(352, 352, 39),
(353, 353, 41),
(354, 354, 42),
(355, 355, 38),
(356, 356, 42),
(357, 357, 39),
(358, 358, 42),
(359, 359, 40),
(360, 360, 39),
(361, 361, 40),
(362, 362, 41),
(363, 363, 40),
(364, 364, 41),
(365, 365, 41),
(366, 366, 43),
(367, 367, 41),
(368, 368, 40),
(369, 369, 40),
(370, 370, 40),
(371, 371, 43),
(372, 372, 44),
(373, 373, 40),
(374, 374, 40),
(375, 375, 42),
(376, 376, 41),
(377, 377, 42),
(378, 378, 40),
(379, 379, 43),
(380, 380, 41),
(381, 381, 40),
(382, 382, 41),
(383, 383, 41),
(384, 384, 43),
(385, 385, 44),
(386, 386, 44),
(387, 387, 41),
(388, 388, 42),
(389, 389, 43),
(390, 390, 43),
(391, 391, 40),
(392, 392, 44),
(393, 393, 42),
(394, 394, 40),
(395, 395, 40),
(396, 396, 41),
(397, 397, 44),
(398, 398, 41),
(399, 399, 43),
(400, 400, 44),
(401, 401, 43),
(402, 402, 40),
(403, 403, 40),
(404, 404, 44),
(405, 405, 42),
(406, 406, 44),
(407, 407, 44),
(408, 408, 41),
(409, 409, 41),
(410, 410, 40),
(411, 411, 40),
(412, 412, 44),
(413, 413, 40),
(414, 414, 42),
(415, 415, 40),
(416, 416, 43),
(417, 417, 43),
(418, 418, 41),
(419, 419, 44),
(420, 420, 42),
(421, 421, 42),
(422, 422, 44),
(423, 423, 43),
(424, 424, 44),
(425, 425, 41),
(426, 426, 43),
(427, 427, 43),
(428, 428, 42),
(429, 429, 43),
(430, 430, 40),
(431, 431, 41),
(432, 432, 43),
(433, 433, 40),
(434, 434, 40),
(435, 435, 40),
(436, 436, 40),
(437, 437, 43),
(438, 438, 42),
(439, 439, 43),
(440, 440, 40),
(441, 441, 42),
(442, 442, 43),
(443, 443, 40),
(444, 444, 44),
(445, 445, 42),
(446, 446, 43),
(447, 447, 43),
(448, 448, 43),
(449, 449, 40),
(450, 450, 41),
(451, 451, 42),
(452, 452, 45),
(453, 453, 45),
(454, 454, 41),
(455, 455, 44),
(456, 456, 39),
(457, 457, 40),
(458, 458, 43),
(459, 459, 43),
(460, 460, 40),
(461, 461, 40),
(462, 462, 41),
(463, 463, 41),
(464, 464, 42),
(465, 465, 45),
(466, 466, 41),
(467, 467, 41),
(468, 468, 42),
(469, 469, 44),
(470, 470, 40),
(471, 471, 40),
(472, 472, 44),
(473, 473, 39),
(474, 474, 41),
(475, 475, 41),
(476, 476, 39),
(477, 477, 43),
(478, 478, 44),
(479, 479, 39),
(480, 480, 41),
(481, 481, 41),
(482, 482, 42),
(483, 483, 45),
(484, 484, 44),
(485, 485, 39),
(486, 486, 41),
(487, 487, 42),
(488, 488, 40),
(489, 489, 40),
(490, 490, 41),
(491, 491, 41),
(492, 492, 43),
(493, 493, 41),
(494, 494, 40),
(495, 495, 39),
(496, 496, 41),
(497, 497, 40),
(498, 498, 40),
(499, 499, 45),
(500, 500, 43),
(501, 501, 43),
(502, 502, 40),
(503, 503, 39),
(504, 504, 43),
(505, 505, 39),
(506, 506, 45),
(507, 507, 44),
(508, 508, 42),
(509, 509, 43),
(510, 510, 41),
(511, 511, 45),
(512, 512, 42),
(513, 513, 45),
(514, 514, 41),
(515, 515, 40),
(516, 516, 40),
(517, 517, 40),
(518, 518, 39),
(519, 519, 39),
(520, 520, 45),
(521, 521, 40),
(522, 522, 44),
(523, 523, 39),
(524, 524, 44),
(525, 525, 45),
(526, 526, 39),
(527, 527, 39),
(528, 528, 42),
(529, 529, 41),
(530, 530, 43),
(531, 531, 44),
(532, 532, 44),
(533, 533, 45),
(534, 534, 39),
(535, 535, 43),
(536, 536, 45),
(537, 537, 43),
(538, 538, 45),
(539, 539, 42),
(540, 540, 41),
(541, 541, 46),
(542, 542, 45),
(543, 543, 45),
(544, 544, 43),
(545, 545, 43),
(546, 546, 44),
(547, 547, 45),
(548, 548, 43),
(549, 549, 43),
(550, 550, 42),
(551, 551, 42),
(552, 552, 44),
(553, 553, 46),
(554, 554, 46),
(555, 555, 46),
(556, 556, 46),
(557, 557, 42),
(558, 558, 46),
(559, 559, 43),
(560, 560, 46),
(561, 561, 44),
(562, 562, 44),
(563, 563, 43),
(564, 564, 43),
(565, 565, 44),
(566, 566, 44),
(567, 567, 42),
(568, 568, 45),
(569, 569, 42),
(570, 570, 45),
(571, 571, 44),
(572, 572, 44),
(573, 573, 44),
(574, 574, 46),
(575, 575, 44),
(576, 576, 46),
(577, 577, 44),
(578, 578, 46),
(579, 579, 43),
(580, 580, 42),
(581, 581, 43),
(582, 582, 42),
(583, 583, 46),
(584, 584, 43),
(585, 585, 44),
(586, 586, 44),
(587, 587, 43),
(588, 588, 46),
(589, 589, 46),
(590, 590, 43),
(591, 591, 43),
(592, 592, 46),
(593, 593, 45),
(594, 594, 44),
(595, 595, 42),
(596, 596, 45),
(597, 597, 44),
(598, 598, 43),
(599, 599, 42),
(600, 600, 45),
(601, 601, 42),
(602, 602, 45),
(603, 603, 42),
(604, 604, 43),
(605, 605, 42),
(606, 606, 46),
(607, 607, 42),
(608, 608, 45),
(609, 609, 45),
(610, 610, 45),
(611, 611, 44),
(612, 612, 46),
(613, 613, 46),
(614, 614, 42),
(615, 615, 46),
(616, 616, 45),
(617, 617, 46),
(618, 618, 45),
(619, 619, 45),
(620, 620, 45),
(621, 621, 44),
(622, 622, 43),
(623, 623, 44),
(624, 624, 43),
(625, 625, 43),
(626, 626, 42),
(627, 627, 46),
(628, 628, 45),
(629, 629, 45),
(630, 630, 44),
(631, 631, 48),
(632, 632, 47),
(633, 633, 49),
(634, 634, 46),
(635, 635, 46),
(636, 636, 45),
(637, 637, 47),
(638, 638, 46),
(639, 639, 48),
(640, 640, 48),
(641, 641, 44),
(642, 642, 45),
(643, 643, 45),
(644, 644, 48),
(645, 645, 47),
(646, 646, 44),
(647, 647, 48),
(648, 648, 47),
(649, 649, 49),
(650, 650, 49),
(651, 651, 45),
(652, 652, 44),
(653, 653, 48),
(654, 654, 46),
(655, 655, 45),
(656, 656, 44),
(657, 657, 44),
(658, 658, 44),
(659, 659, 45),
(660, 660, 46),
(661, 661, 45),
(662, 662, 49),
(663, 663, 44),
(664, 664, 44),
(665, 665, 45),
(666, 666, 44),
(667, 667, 49),
(668, 668, 46),
(669, 669, 47),
(670, 670, 47),
(671, 671, 49),
(672, 672, 45),
(673, 673, 46),
(674, 674, 47),
(675, 675, 44),
(676, 676, 48),
(677, 677, 44),
(678, 678, 48),
(679, 679, 46),
(680, 680, 48),
(681, 681, 44),
(682, 682, 47),
(683, 683, 47),
(684, 684, 46),
(685, 685, 48),
(686, 686, 44),
(687, 687, 49),
(688, 688, 48),
(689, 689, 45),
(690, 690, 44),
(691, 691, 47),
(692, 692, 45),
(693, 693, 49),
(694, 694, 47),
(695, 695, 46),
(696, 696, 44),
(697, 697, 48),
(698, 698, 48),
(699, 699, 49),
(700, 700, 48),
(701, 701, 49),
(702, 702, 46),
(703, 703, 47),
(704, 704, 45),
(705, 705, 44),
(706, 706, 47),
(707, 707, 46),
(708, 708, 48),
(709, 709, 45),
(710, 710, 49),
(711, 711, 49),
(712, 712, 46),
(713, 713, 48),
(714, 714, 48),
(715, 715, 48),
(716, 716, 46),
(717, 717, 48),
(718, 718, 48),
(719, 719, 45),
(720, 720, 48);

-- --------------------------------------------------------

--
-- Table structure for table `scores`
--

CREATE TABLE `scores` (
  `id` int(3) NOT NULL,
  `student_id` int(3) NOT NULL,
  `subject_id` int(3) NOT NULL,
  `internal` int(3) NOT NULL,
  `external` int(3) NOT NULL,
  `attendance` int(3) NOT NULL
) ENGINE=InnoDB DEFAULT CHARSET=latin1;

--
-- Dumping data for table `scores`
--

INSERT INTO `scores` (`id`, `student_id`, `subject_id`, `internal`, `external`, `attendance`) VALUES
(1, 1, 1, 31, 38, 51),
(2, 2, 1, 31, 40, 54),
(3, 3, 1, 33, 42, 50),
(4, 4, 1, 33, 42, 53),
(5, 5, 1, 32, 39, 51),
(6, 6, 1, 31, 43, 53),
(7, 7, 1, 30, 36, 51),
(8, 8, 1, 32, 39, 50),
(9, 9, 1, 30, 35, 55),
(10, 10, 1, 32, 42, 55),
(11, 11, 1, 30, 38, 54),
(12, 12, 1, 30, 36, 50),
(13, 13, 1, 32, 37, 51),
(14, 14, 1, 33, 36, 50),
(15, 15, 1, 33, 44, 54),
(16, 16, 1, 33, 35, 51),
(17, 17, 1, 33, 40, 54),
(18, 18, 1, 32, 35, 55),
(19, 19, 1, 32, 40, 51),
(20, 20, 1, 33, 42, 50),
(21, 21, 1, 31, 43, 51),
(22, 22, 1, 30, 41, 53),
(23, 23, 1, 31, 41, 52),
(24, 24, 1, 31, 36, 50),
(25, 25, 1, 30, 44, 53),
(26, 26, 1, 32, 39, 51),
(27, 27, 1, 32, 38, 51),
(28, 28, 1, 31, 35, 51),
(29, 29, 1, 33, 42, 55),
(30, 30, 1, 31, 36, 54),
(31, 31, 1, 32, 43, 55),
(32, 32, 1, 33, 36, 50),
(33, 33, 1, 31, 39, 54),
(34, 34, 1, 30, 36, 54),
(35, 35, 1, 31, 36, 54),
(36, 36, 1, 31, 36, 52),
(37, 37, 1, 33, 36, 51),
(38, 38, 1, 30, 37, 50),
(39, 39, 1, 30, 40, 50),
(40, 40, 1, 32, 39, 54),
(41, 41, 1, 30, 44, 52),
(42, 42, 1, 31, 42, 53),
(43, 43, 1, 33, 39, 50),
(44, 44, 1, 33, 45, 53),
(45, 45, 1, 32, 38, 52),
(46, 46, 1, 31, 40, 54),
(47, 47, 1, 31, 43, 53),
(48, 48, 1, 32, 36, 54),
(49, 49, 1, 33, 42, 54),
(50, 50, 1, 31, 41, 55),
(51, 51, 1, 31, 38, 50),
(52, 52, 1, 31, 36, 53),
(53, 53, 1, 31, 35, 51),
(54, 54, 1, 33, 45, 52),
(55, 55, 1, 31, 36, 52),
(56, 56, 1, 31, 36, 50),
(57, 57, 1, 33, 42, 55),
(58, 58, 1, 32, 35, 55),
(59, 59, 1, 30, 36, 50),
(60, 60, 1, 31, 37, 53),
(61, 61, 1, 32, 36, 55),
(62, 62, 1, 31, 45, 54),
(63, 63, 1, 33, 35, 51),
(64, 64, 1, 33, 40, 53),
(65, 65, 1, 31, 40, 54),
(66, 66, 1, 32, 42, 50),
(67, 67, 1, 32, 37, 54),
(68, 68, 1, 33, 38, 54),
(69, 69, 1, 32, 35, 54),
(70, 70, 1, 30, 37, 53),
(71, 71, 1, 31, 40, 52),
(72, 72, 1, 33, 40, 53),
(73, 73, 1, 30, 37, 53),
(74, 74, 1, 33, 36, 53),
(75, 75, 1, 30, 39, 50),
(76, 76, 1, 33, 45, 51),
(77, 77, 1, 32, 38, 55),
(78, 78, 1, 33, 38, 52),
(79, 79, 1, 33, 44, 54),
(80, 80, 1, 33, 40, 51),
(81, 81, 1, 33, 37, 52),
(82, 82, 1, 31, 35, 53),
(83, 83, 1, 33, 44, 54),
(84, 84, 1, 31, 36, 53),
(85, 85, 1, 31, 39, 55),
(86, 86, 1, 32, 44, 52),
(87, 87, 1, 31, 37, 55),
(88, 88, 1, 31, 36, 51),
(89, 89, 1, 33, 42, 55),
(90, 90, 1, 32, 42, 53),
(91, 91, 1, 35, 42, 53),
(92, 92, 1, 33, 42, 53),
(93, 93, 1, 32, 40, 55),
(94, 94, 1, 35, 41, 54),
(95, 95, 1, 33, 43, 56),
(96, 96, 1, 32, 44, 58),
(97, 97, 1, 33, 41, 55),
(98, 98, 1, 34, 46, 57),
(99, 99, 1, 33, 47, 53),
(100, 100, 1, 33, 39, 56),
(101, 101, 1, 33, 45, 60),
(102, 102, 1, 33, 39, 53),
(103, 103, 1, 33, 41, 56),
(104, 104, 1, 33, 39, 60),
(105, 105, 1, 35, 46, 54),
(106, 106, 1, 34, 44, 56),
(107, 107, 1, 33, 46, 53),
(108, 108, 1, 32, 41, 59),
(109, 109, 1, 32, 41, 58),
(110, 110, 1, 33, 42, 54),
(111, 111, 1, 33, 48, 58),
(112, 112, 1, 33, 45, 55),
(113, 113, 1, 34, 47, 60),
(114, 114, 1, 34, 44, 59),
(115, 115, 1, 32, 43, 57),
(116, 116, 1, 33, 43, 56),
(117, 117, 1, 34, 42, 53),
(118, 118, 1, 35, 41, 59),
(119, 119, 1, 34, 46, 60),
(120, 120, 1, 33, 48, 54),
(121, 121, 1, 32, 41, 59),
(122, 122, 1, 35, 41, 56),
(123, 123, 1, 35, 42, 58),
(124, 124, 1, 32, 39, 58),
(125, 125, 1, 34, 40, 55),
(126, 126, 1, 35, 47, 57),
(127, 127, 1, 32, 43, 58),
(128, 128, 1, 32, 45, 60),
(129, 129, 1, 35, 48, 55),
(130, 130, 1, 35, 44, 54),
(131, 131, 1, 33, 39, 58),
(132, 132, 1, 35, 45, 53),
(133, 133, 1, 33, 40, 56),
(134, 134, 1, 35, 45, 59),
(135, 135, 1, 33, 39, 58),
(136, 136, 1, 32, 40, 59),
(137, 137, 1, 33, 45, 59),
(138, 138, 1, 33, 43, 53),
(139, 139, 1, 35, 48, 60),
(140, 140, 1, 34, 42, 59),
(141, 141, 1, 34, 46, 55),
(142, 142, 1, 33, 47, 60),
(143, 143, 1, 35, 44, 58),
(144, 144, 1, 35, 41, 59),
(145, 145, 1, 32, 41, 55),
(146, 146, 1, 35, 41, 59),
(147, 147, 1, 33, 44, 55),
(148, 148, 1, 32, 46, 54),
(149, 149, 1, 35, 41, 56),
(150, 150, 1, 33, 44, 54),
(151, 151, 1, 32, 45, 54),
(152, 152, 1, 33, 46, 55),
(153, 153, 1, 32, 41, 55),
(154, 154, 1, 34, 41, 53),
(155, 155, 1, 34, 42, 56),
(156, 156, 1, 34, 48, 54),
(157, 157, 1, 35, 46, 59),
(158, 158, 1, 33, 43, 58),
(159, 159, 1, 32, 39, 59),
(160, 160, 1, 32, 40, 58),
(161, 161, 1, 34, 45, 60),
(162, 162, 1, 32, 46, 56),
(163, 163, 1, 35, 42, 55),
(164, 164, 1, 32, 46, 60),
(165, 165, 1, 35, 41, 55),
(166, 166, 1, 34, 43, 59),
(167, 167, 1, 34, 43, 55),
(168, 168, 1, 35, 42, 58),
(169, 169, 1, 35, 46, 57),
(170, 170, 1, 34, 43, 57),
(171, 171, 1, 32, 43, 59),
(172, 172, 1, 34, 47, 57),
(173, 173, 1, 35, 43, 60),
(174, 174, 1, 35, 48, 60),
(175, 175, 1, 32, 47, 56),
(176, 176, 1, 35, 42, 55),
(177, 177, 1, 35, 47, 53),
(178, 178, 1, 34, 46, 57),
(179, 179, 1, 32, 45, 57),
(180, 180, 1, 32, 40, 60),
(181, 181, 1, 35, 50, 64),
(182, 182, 1, 34, 50, 60),
(183, 183, 1, 35, 49, 61),
(184, 184, 1, 36, 46, 63),
(185, 185, 1, 35, 50, 64),
(186, 186, 1, 36, 50, 60),
(187, 187, 1, 34, 47, 62),
(188, 188, 1, 37, 46, 64),
(189, 189, 1, 36, 50, 65),
(190, 190, 1, 34, 45, 60),
(191, 191, 1, 35, 46, 61),
(192, 192, 1, 37, 50, 65),
(193, 193, 1, 36, 46, 60),
(194, 194, 1, 36, 50, 62),
(195, 195, 1, 36, 48, 65),
(196, 196, 1, 35, 45, 60),
(197, 197, 1, 34, 48, 60),
(198, 198, 1, 34, 45, 64),
(199, 199, 1, 34, 50, 60),
(200, 200, 1, 34, 45, 64),
(201, 201, 1, 34, 49, 65),
(202, 202, 1, 35, 49, 60),
(203, 203, 1, 36, 49, 64),
(204, 204, 1, 36, 48, 62),
(205, 205, 1, 34, 48, 60),
(206, 206, 1, 36, 49, 63),
(207, 207, 1, 35, 50, 60),
(208, 208, 1, 36, 45, 63),
(209, 209, 1, 35, 49, 65),
(210, 210, 1, 36, 46, 64),
(211, 211, 1, 34, 45, 64),
(212, 212, 1, 36, 46, 62),
(213, 213, 1, 36, 49, 64),
(214, 214, 1, 36, 45, 63),
(215, 215, 1, 34, 50, 63),
(216, 216, 1, 35, 49, 64),
(217, 217, 1, 35, 48, 63),
(218, 218, 1, 35, 50, 60),
(219, 219, 1, 34, 46, 64),
(220, 220, 1, 35, 48, 63),
(221, 221, 1, 36, 45, 62),
(222, 222, 1, 35, 50, 61),
(223, 223, 1, 34, 49, 62),
(224, 224, 1, 36, 46, 63),
(225, 225, 1, 37, 48, 60),
(226, 226, 1, 36, 50, 61),
(227, 227, 1, 34, 49, 64),
(228, 228, 1, 34, 49, 64),
(229, 229, 1, 36, 45, 62),
(230, 230, 1, 36, 49, 60),
(231, 231, 1, 37, 50, 65),
(232, 232, 1, 34, 50, 65),
(233, 233, 1, 37, 46, 61),
(234, 234, 1, 36, 48, 62),
(235, 235, 1, 35, 46, 63),
(236, 236, 1, 35, 50, 60),
(237, 237, 1, 36, 49, 60),
(238, 238, 1, 34, 49, 63),
(239, 239, 1, 34, 48, 63),
(240, 240, 1, 36, 49, 63),
(241, 241, 1, 35, 49, 65),
(242, 242, 1, 35, 50, 64),
(243, 243, 1, 36, 49, 64),
(244, 244, 1, 35, 48, 65),
(245, 245, 1, 34, 47, 61),
(246, 246, 1, 35, 46, 60),
(247, 247, 1, 36, 47, 62),
(248, 248, 1, 36, 47, 60),
(249, 249, 1, 35, 45, 64),
(250, 250, 1, 36, 46, 63),
(251, 251, 1, 34, 48, 65),
(252, 252, 1, 35, 47, 61),
(253, 253, 1, 37, 47, 65),
(254, 254, 1, 34, 45, 64),
(255, 255, 1, 35, 48, 63),
(256, 256, 1, 36, 48, 61),
(257, 257, 1, 35, 50, 60),
(258, 258, 1, 35, 50, 61),
(259, 259, 1, 34, 47, 61),
(260, 260, 1, 36, 46, 63),
(261, 261, 1, 36, 50, 65),
(262, 262, 1, 35, 46, 62),
(263, 263, 1, 35, 49, 61),
(264, 264, 1, 34, 46, 65),
(265, 265, 1, 36, 49, 61),
(266, 266, 1, 37, 49, 65),
(267, 267, 1, 37, 47, 61),
(268, 268, 1, 37, 45, 63),
(269, 269, 1, 34, 49, 64),
(270, 270, 1, 35, 50, 62),
(271, 271, 1, 37, 48, 64),
(272, 272, 1, 39, 52, 62),
(273, 273, 1, 38, 48, 61),
(274, 274, 1, 36, 50, 59),
(275, 275, 1, 39, 50, 66),
(276, 276, 1, 37, 49, 66),
(277, 277, 1, 36, 51, 60),
(278, 278, 1, 36, 52, 65),
(279, 279, 1, 36, 52, 65),
(280, 280, 1, 37, 49, 63),
(281, 281, 1, 38, 50, 66),
(282, 282, 1, 36, 49, 64),
(283, 283, 1, 37, 53, 58),
(284, 284, 1, 38, 52, 62),
(285, 285, 1, 36, 51, 58),
(286, 286, 1, 36, 53, 66),
(287, 287, 1, 37, 50, 60),
(288, 288, 1, 39, 49, 59),
(289, 289, 1, 37, 52, 64),
(290, 290, 1, 37, 53, 58),
(291, 291, 1, 37, 49, 66),
(292, 292, 1, 36, 51, 62),
(293, 293, 1, 37, 51, 64),
(294, 294, 1, 37, 50, 59),
(295, 295, 1, 38, 53, 61),
(296, 296, 1, 37, 49, 59),
(297, 297, 1, 37, 50, 66),
(298, 298, 1, 37, 53, 58),
(299, 299, 1, 38, 50, 59),
(300, 300, 1, 36, 50, 59),
(301, 301, 1, 37, 53, 65),
(302, 302, 1, 39, 52, 65),
(303, 303, 1, 39, 50, 61),
(304, 304, 1, 39, 49, 59),
(305, 305, 1, 36, 48, 64),
(306, 306, 1, 38, 52, 62),
(307, 307, 1, 38, 53, 61),
(308, 308, 1, 36, 51, 60),
(309, 309, 1, 37, 48, 66),
(310, 310, 1, 38, 50, 58),
(311, 311, 1, 39, 50, 63),
(312, 312, 1, 36, 52, 60),
(313, 313, 1, 39, 52, 60),
(314, 314, 1, 36, 53, 65),
(315, 315, 1, 39, 49, 65),
(316, 316, 1, 36, 50, 61),
(317, 317, 1, 37, 49, 62),
(318, 318, 1, 39, 53, 58),
(319, 319, 1, 38, 53, 63),
(320, 320, 1, 37, 48, 65),
(321, 321, 1, 36, 51, 63),
(322, 322, 1, 36, 52, 65),
(323, 323, 1, 36, 52, 58),
(324, 324, 1, 36, 53, 63),
(325, 325, 1, 36, 48, 60),
(326, 326, 1, 39, 48, 61),
(327, 327, 1, 38, 53, 62),
(328, 328, 1, 37, 49, 66),
(329, 329, 1, 37, 50, 66),
(330, 330, 1, 37, 52, 63),
(331, 331, 1, 38, 51, 64),
(332, 332, 1, 36, 49, 64),
(333, 333, 1, 36, 50, 60),
(334, 334, 1, 36, 49, 59),
(335, 335, 1, 38, 50, 62),
(336, 336, 1, 36, 49, 62),
(337, 337, 1, 36, 53, 65),
(338, 338, 1, 38, 48, 64),
(339, 339, 1, 36, 49, 60),
(340, 340, 1, 38, 48, 61),
(341, 341, 1, 38, 51, 65),
(342, 342, 1, 37, 51, 62),
(343, 343, 1, 36, 53, 58),
(344, 344, 1, 39, 48, 59),
(345, 345, 1, 39, 51, 62),
(346, 346, 1, 36, 48, 65),
(347, 347, 1, 36, 52, 62),
(348, 348, 1, 39, 53, 58),
(349, 349, 1, 37, 49, 65),
(350, 350, 1, 38, 50, 62),
(351, 351, 1, 38, 48, 63),
(352, 352, 1, 38, 52, 64),
(353, 353, 1, 36, 50, 63),
(354, 354, 1, 38, 50, 59),
(355, 355, 1, 38, 51, 63),
(356, 356, 1, 37, 53, 62),
(357, 357, 1, 37, 50, 59),
(358, 358, 1, 39, 51, 66),
(359, 359, 1, 37, 51, 66),
(360, 360, 1, 39, 51, 63),
(361, 361, 1, 38, 57, 68),
(362, 362, 1, 42, 52, 67),
(363, 363, 1, 38, 52, 68),
(364, 364, 1, 40, 52, 68),
(365, 365, 1, 38, 52, 63),
(366, 366, 1, 41, 52, 68),
(367, 367, 1, 40, 52, 63),
(368, 368, 1, 39, 55, 64),
(369, 369, 1, 40, 53, 67),
(370, 370, 1, 42, 54, 63),
(371, 371, 1, 38, 53, 66),
(372, 372, 1, 40, 54, 68),
(373, 373, 1, 38, 52, 70),
(374, 374, 1, 41, 56, 63),
(375, 375, 1, 42, 57, 69),
(376, 376, 1, 41, 52, 70),
(377, 377, 1, 41, 54, 65),
(378, 378, 1, 41, 54, 66),
(379, 379, 1, 41, 55, 70),
(380, 380, 1, 40, 53, 63),
(381, 381, 1, 38, 55, 66),
(382, 382, 1, 38, 53, 66),
(383, 383, 1, 40, 53, 69),
(384, 384, 1, 40, 52, 67),
(385, 385, 1, 42, 53, 63),
(386, 386, 1, 39, 55, 67),
(387, 387, 1, 38, 57, 67),
(388, 388, 1, 38, 54, 69),
(389, 389, 1, 38, 52, 66),
(390, 390, 1, 39, 56, 65),
(391, 391, 1, 41, 57, 65),
(392, 392, 1, 41, 53, 70),
(393, 393, 1, 39, 53, 67),
(394, 394, 1, 40, 53, 70),
(395, 395, 1, 41, 58, 63),
(396, 396, 1, 38, 58, 69),
(397, 397, 1, 38, 54, 70),
(398, 398, 1, 41, 58, 63),
(399, 399, 1, 38, 56, 65),
(400, 400, 1, 39, 58, 63),
(401, 401, 1, 39, 53, 66),
(402, 402, 1, 42, 56, 65),
(403, 403, 1, 40, 56, 68),
(404, 404, 1, 41, 55, 63),
(405, 405, 1, 41, 58, 67),
(406, 406, 1, 41, 57, 67),
(407, 407, 1, 42, 57, 70),
(408, 408, 1, 42, 52, 65),
(409, 409, 1, 39, 55, 70),
(410, 410, 1, 39, 57, 68),
(411, 411, 1, 40, 57, 68),
(412, 412, 1, 39, 56, 63),
(413, 413, 1, 40, 57, 67),
(414, 414, 1, 38, 55, 70),
(415, 415, 1, 41, 58, 63),
(416, 416, 1, 42, 53, 67),
(417, 417, 1, 41, 57, 63),
(418, 418, 1, 39, 52, 63),
(419, 419, 1, 38, 52, 68),
(420, 420, 1, 38, 54, 69),
(421, 421, 1, 41, 57, 68),
(422, 422, 1, 41, 56, 69),
(423, 423, 1, 41, 54, 63),
(424, 424, 1, 40, 57, 69),
(425, 425, 1, 41, 52, 70),
(426, 426, 1, 39, 55, 67),
(427, 427, 1, 42, 57, 70),
(428, 428, 1, 40, 55, 66),
(429, 429, 1, 38, 55, 65),
(430, 430, 1, 40, 57, 65),
(431, 431, 1, 40, 54, 68),
(432, 432, 1, 39, 57, 68),
(433, 433, 1, 39, 54, 68),
(434, 434, 1, 40, 54, 67),
(435, 435, 1, 38, 54, 70),
(436, 436, 1, 40, 54, 67),
(437, 437, 1, 38, 54, 67),
(438, 438, 1, 38, 52, 64),
(439, 439, 1, 39, 57, 70),
(440, 440, 1, 39, 56, 65),
(441, 441, 1, 40, 57, 67),
(442, 442, 1, 42, 52, 69),
(443, 443, 1, 38, 52, 65),
(444, 444, 1, 38, 52, 63),
(445, 445, 1, 40, 56, 64),
(446, 446, 1, 39, 55, 70),
(447, 447, 1, 40, 56, 70),
(448, 448, 1, 42, 58, 70),
(449, 449, 1, 41, 56, 68),
(450, 450, 1, 38, 57, 69),
(451, 451, 1, 41, 56, 70),
(452, 452, 1, 40, 59, 69),
(453, 453, 1, 41, 57, 71),
(454, 454, 1, 41, 58, 70),
(455, 455, 1, 43, 54, 68),
(456, 456, 1, 42, 55, 71),
(457, 457, 1, 43, 57, 67),
(458, 458, 1, 41, 54, 72),
(459, 459, 1, 41, 56, 66),
(460, 460, 1, 42, 58, 72),
(461, 461, 1, 42, 59, 66),
(462, 462, 1, 40, 60, 65),
(463, 463, 1, 43, 60, 66),
(464, 464, 1, 40, 60, 65),
(465, 465, 1, 44, 54, 73),
(466, 466, 1, 43, 59, 68),
(467, 467, 1, 40, 56, 66),
(468, 468, 1, 41, 59, 70),
(469, 469, 1, 44, 60, 72),
(470, 470, 1, 40, 56, 67),
(471, 471, 1, 42, 57, 72),
(472, 472, 1, 42, 54, 71),
(473, 473, 1, 40, 59, 69),
(474, 474, 1, 43, 54, 69),
(475, 475, 1, 44, 54, 66),
(476, 476, 1, 44, 58, 67),
(477, 477, 1, 40, 56, 71),
(478, 478, 1, 42, 60, 65),
(479, 479, 1, 41, 55, 71),
(480, 480, 1, 40, 54, 65),
(481, 481, 1, 40, 56, 65),
(482, 482, 1, 42, 60, 69),
(483, 483, 1, 43, 60, 71),
(484, 484, 1, 40, 54, 72),
(485, 485, 1, 40, 55, 69),
(486, 486, 1, 40, 58, 69),
(487, 487, 1, 42, 60, 67),
(488, 488, 1, 43, 59, 65),
(489, 489, 1, 42, 55, 69),
(490, 490, 1, 41, 57, 65),
(491, 491, 1, 41, 60, 70),
(492, 492, 1, 44, 54, 70),
(493, 493, 1, 40, 56, 69),
(494, 494, 1, 41, 58, 66),
(495, 495, 1, 44, 56, 69),
(496, 496, 1, 42, 55, 68),
(497, 497, 1, 42, 59, 68),
(498, 498, 1, 40, 57, 73),
(499, 499, 1, 42, 57, 67),
(500, 500, 1, 42, 56, 73),
(501, 501, 1, 43, 54, 67),
(502, 502, 1, 42, 59, 71),
(503, 503, 1, 43, 57, 72),
(504, 504, 1, 41, 55, 65),
(505, 505, 1, 42, 58, 65),
(506, 506, 1, 42, 59, 67),
(507, 507, 1, 41, 54, 70),
(508, 508, 1, 43, 55, 71),
(509, 509, 1, 41, 56, 68),
(510, 510, 1, 44, 57, 67),
(511, 511, 1, 44, 59, 71),
(512, 512, 1, 42, 55, 70),
(513, 513, 1, 42, 59, 70),
(514, 514, 1, 44, 54, 71),
(515, 515, 1, 41, 56, 69),
(516, 516, 1, 44, 59, 66),
(517, 517, 1, 43, 59, 72),
(518, 518, 1, 40, 57, 65),
(519, 519, 1, 40, 59, 68),
(520, 520, 1, 41, 59, 68),
(521, 521, 1, 40, 57, 65),
(522, 522, 1, 44, 54, 73),
(523, 523, 1, 41, 58, 65),
(524, 524, 1, 44, 54, 69),
(525, 525, 1, 44, 55, 71),
(526, 526, 1, 40, 56, 69),
(527, 527, 1, 44, 60, 73),
(528, 528, 1, 40, 60, 73),
(529, 529, 1, 43, 58, 68),
(530, 530, 1, 41, 54, 72),
(531, 531, 1, 42, 56, 72),
(532, 532, 1, 44, 58, 69),
(533, 533, 1, 42, 60, 67),
(534, 534, 1, 41, 55, 71),
(535, 535, 1, 40, 54, 65),
(536, 536, 1, 43, 60, 68),
(537, 537, 1, 40, 55, 68),
(538, 538, 1, 42, 56, 65),
(539, 539, 1, 42, 56, 65),
(540, 540, 1, 40, 54, 72),
(541, 541, 1, 40, 61, 72),
(542, 542, 1, 40, 64, 73),
(543, 543, 1, 46, 60, 74),
(544, 544, 1, 46, 64, 75),
(545, 545, 1, 42, 61, 72),
(546, 546, 1, 39, 62, 72),
(547, 547, 1, 43, 62, 73),
(548, 548, 1, 43, 59, 73),
(549, 549, 1, 42, 65, 75),
(550, 550, 1, 45, 62, 68),
(551, 551, 1, 39, 64, 73),
(552, 552, 1, 45, 59, 74),
(553, 553, 1, 40, 61, 74),
(554, 554, 1, 43, 59, 73),
(555, 555, 1, 46, 59, 74),
(556, 556, 1, 40, 59, 68),
(557, 557, 1, 46, 64, 72),
(558, 558, 1, 44, 60, 73),
(559, 559, 1, 39, 63, 69),
(560, 560, 1, 45, 59, 74),
(561, 561, 1, 40, 59, 73),
(562, 562, 1, 45, 59, 71),
(563, 563, 1, 44, 63, 68),
(564, 564, 1, 43, 63, 74),
(565, 565, 1, 40, 61, 72),
(566, 566, 1, 41, 65, 68),
(567, 567, 1, 45, 63, 74),
(568, 568, 1, 43, 63, 74),
(569, 569, 1, 39, 65, 71),
(570, 570, 1, 45, 65, 71),
(571, 571, 1, 39, 64, 69),
(572, 572, 1, 41, 59, 69),
(573, 573, 1, 45, 63, 74),
(574, 574, 1, 43, 64, 69),
(575, 575, 1, 43, 61, 68),
(576, 576, 1, 43, 59, 69),
(577, 577, 1, 41, 65, 72),
(578, 578, 1, 41, 64, 69),
(579, 579, 1, 39, 65, 74),
(580, 580, 1, 46, 60, 73),
(581, 581, 1, 46, 60, 75),
(582, 582, 1, 46, 61, 74),
(583, 583, 1, 39, 62, 73),
(584, 584, 1, 43, 63, 71),
(585, 585, 1, 46, 63, 68),
(586, 586, 1, 40, 65, 71),
(587, 587, 1, 45, 65, 71),
(588, 588, 1, 40, 62, 70),
(589, 589, 1, 45, 65, 70),
(590, 590, 1, 42, 60, 69),
(591, 591, 1, 42, 59, 71),
(592, 592, 1, 40, 59, 68),
(593, 593, 1, 43, 62, 70),
(594, 594, 1, 45, 64, 68),
(595, 595, 1, 39, 63, 70),
(596, 596, 1, 40, 61, 72),
(597, 597, 1, 41, 59, 75),
(598, 598, 1, 42, 65, 73),
(599, 599, 1, 42, 64, 68),
(600, 600, 1, 46, 65, 75),
(601, 601, 1, 44, 64, 75),
(602, 602, 1, 45, 65, 75),
(603, 603, 1, 40, 62, 68),
(604, 604, 1, 43, 59, 75),
(605, 605, 1, 46, 62, 75),
(606, 606, 1, 45, 65, 72),
(607, 607, 1, 40, 62, 70),
(608, 608, 1, 39, 62, 73),
(609, 609, 1, 40, 62, 70),
(610, 610, 1, 42, 59, 73),
(611, 611, 1, 42, 60, 72),
(612, 612, 1, 44, 65, 74),
(613, 613, 1, 46, 61, 75),
(614, 614, 1, 44, 61, 73),
(615, 615, 1, 43, 63, 68),
(616, 616, 1, 43, 64, 72),
(617, 617, 1, 43, 59, 74),
(618, 618, 1, 40, 65, 75),
(619, 619, 1, 41, 64, 73),
(620, 620, 1, 43, 63, 75),
(621, 621, 1, 40, 59, 70),
(622, 622, 1, 43, 62, 68),
(623, 623, 1, 41, 64, 70),
(624, 624, 1, 44, 64, 72),
(625, 625, 1, 44, 61, 71),
(626, 626, 1, 40, 65, 74),
(627, 627, 1, 45, 63, 69),
(628, 628, 1, 45, 64, 75),
(629, 629, 1, 41, 60, 72),
(630, 630, 1, 45, 60, 74),
(631, 631, 1, 45, 68, 70),
(632, 632, 1, 43, 66, 71),
(633, 633, 1, 48, 67, 71),
(634, 634, 1, 46, 69, 73),
(635, 635, 1, 43, 67, 75),
(636, 636, 1, 46, 66, 80),
(637, 637, 1, 44, 66, 72),
(638, 638, 1, 46, 62, 74),
(639, 639, 1, 44, 69, 80),
(640, 640, 1, 48, 63, 74),
(641, 641, 1, 46, 69, 73),
(642, 642, 1, 42, 66, 72),
(643, 643, 1, 47, 62, 71),
(644, 644, 1, 44, 70, 79),
(645, 645, 1, 46, 65, 70),
(646, 646, 1, 46, 65, 74),
(647, 647, 1, 46, 63, 75),
(648, 648, 1, 45, 64, 70),
(649, 649, 1, 47, 69, 76),
(650, 650, 1, 43, 68, 77),
(651, 651, 1, 48, 66, 77),
(652, 652, 1, 48, 69, 77),
(653, 653, 1, 42, 69, 73),
(654, 654, 1, 47, 64, 75),
(655, 655, 1, 47, 64, 74),
(656, 656, 1, 47, 70, 79),
(657, 657, 1, 45, 70, 80),
(658, 658, 1, 44, 66, 74),
(659, 659, 1, 47, 67, 72),
(660, 660, 1, 46, 63, 74),
(661, 661, 1, 46, 68, 80),
(662, 662, 1, 47, 62, 76),
(663, 663, 1, 43, 63, 71),
(664, 664, 1, 45, 69, 80),
(665, 665, 1, 44, 62, 78),
(666, 666, 1, 44, 68, 76),
(667, 667, 1, 47, 70, 80),
(668, 668, 1, 43, 68, 78),
(669, 669, 1, 47, 62, 77),
(670, 670, 1, 44, 64, 77),
(671, 671, 1, 47, 62, 74),
(672, 672, 1, 45, 67, 78),
(673, 673, 1, 42, 63, 79),
(674, 674, 1, 44, 69, 77),
(675, 675, 1, 47, 66, 78),
(676, 676, 1, 42, 68, 72),
(677, 677, 1, 43, 63, 80),
(678, 678, 1, 43, 65, 76),
(679, 679, 1, 45, 70, 73),
(680, 680, 1, 46, 64, 79),
(681, 681, 1, 46, 68, 70),
(682, 682, 1, 46, 68, 71),
(683, 683, 1, 45, 64, 77),
(684, 684, 1, 48, 68, 72),
(685, 685, 1, 45, 62, 72),
(686, 686, 1, 44, 62, 76),
(687, 687, 1, 48, 70, 72),
(688, 688, 1, 45, 70, 75),
(689, 689, 1, 42, 64, 77),
(690, 690, 1, 46, 66, 78),
(691, 691, 1, 47, 67, 80),
(692, 692, 1, 42, 69, 76),
(693, 693, 1, 42, 67, 79),
(694, 694, 1, 43, 64, 76),
(695, 695, 1, 42, 70, 79),
(696, 696, 1, 42, 66, 72),
(697, 697, 1, 46, 63, 74),
(698, 698, 1, 48, 65, 78),
(699, 699, 1, 46, 67, 75),
(700, 700, 1, 44, 67, 76),
(701, 701, 1, 48, 65, 80),
(702, 702, 1, 46, 65, 70),
(703, 703, 1, 45, 63, 76),
(704, 704, 1, 45, 66, 79),
(705, 705, 1, 44, 63, 73),
(706, 706, 1, 48, 66, 72),
(707, 707, 1, 45, 63, 80),
(708, 708, 1, 42, 68, 77),
(709, 709, 1, 42, 64, 72),
(710, 710, 1, 46, 66, 80),
(711, 711, 1, 47, 62, 74),
(712, 712, 1, 45, 67, 80),
(713, 713, 1, 47, 70, 70),
(714, 714, 1, 46, 66, 73),
(715, 715, 1, 44, 67, 73),
(716, 716, 1, 48, 64, 73),
(717, 717, 1, 47, 69, 76),
(718, 718, 1, 42, 69, 73),
(719, 719, 1, 42, 68, 80),
(720, 720, 1, 42, 69, 78),
(721, 1, 2, 35, 43, 54),
(722, 2, 2, 33, 47, 53),
(723, 3, 2, 35, 46, 56),
(724, 4, 2, 34, 48, 54),
(725, 5, 2, 36, 41, 56),
(726, 6, 2, 33, 43, 56),
(727, 7, 2, 35, 42, 60),
(728, 8, 2, 35, 43, 60),
(729, 9, 2, 35, 46, 59),
(730, 10, 2, 34, 44, 60),
(731, 11, 2, 35, 40, 57),
(732, 12, 2, 36, 45, 60),
(733, 13, 2, 36, 43, 57),
(734, 14, 2, 35, 45, 54),
(735, 15, 2, 34, 42, 60),
(736, 16, 2, 36, 41, 55),
(737, 17, 2, 33, 41, 55),
(738, 18, 2, 36, 46, 54),
(739, 19, 2, 36, 42, 60),
(740, 20, 2, 36, 46, 60),
(741, 21, 2, 34, 42, 57),
(742, 22, 2, 34, 45, 54),
(743, 23, 2, 36, 45, 60),
(744, 24, 2, 36, 42, 56),
(745, 25, 2, 36, 40, 56),
(746, 26, 2, 35, 47, 60),
(747, 27, 2, 33, 47, 59),
(748, 28, 2, 35, 41, 53),
(749, 29, 2, 33, 47, 55),
(750, 30, 2, 34, 46, 55),
(751, 31, 2, 33, 40, 54),
(752, 32, 2, 34, 41, 60),
(753, 33, 2, 36, 47, 60),
(754, 34, 2, 34, 45, 56),
(755, 35, 2, 33, 44, 60),
(756, 36, 2, 35, 48, 57),
(757, 37, 2, 36, 46, 55),
(758, 38, 2, 33, 40, 54),
(759, 39, 2, 36, 45, 60),
(760, 40, 2, 33, 46, 54),
(761, 41, 2, 34, 48, 55),
(762, 42, 2, 33, 40, 53),
(763, 43, 2, 33, 45, 53),
(764, 44, 2, 35, 46, 59),
(765, 45, 2, 33, 44, 53),
(766, 46, 2, 35, 42, 60),
(767, 47, 2, 36, 40, 57),
(768, 48, 2, 36, 42, 55),
(769, 49, 2, 35, 44, 57),
(770, 50, 2, 36, 46, 57),
(771, 51, 2, 33, 48, 58),
(772, 52, 2, 36, 44, 56),
(773, 53, 2, 33, 44, 53),
(774, 54, 2, 35, 41, 56),
(775, 55, 2, 36, 48, 56),
(776, 56, 2, 36, 47, 56),
(777, 57, 2, 33, 44, 59),
(778, 58, 2, 36, 41, 54),
(779, 59, 2, 33, 42, 54),
(780, 60, 2, 35, 43, 53),
(781, 61, 2, 36, 43, 60),
(782, 62, 2, 36, 45, 58),
(783, 63, 2, 36, 47, 57),
(784, 64, 2, 36, 48, 57),
(785, 65, 2, 34, 41, 56),
(786, 66, 2, 35, 41, 59),
(787, 67, 2, 34, 41, 60),
(788, 68, 2, 34, 47, 56),
(789, 69, 2, 36, 43, 53),
(790, 70, 2, 34, 40, 54),
(791, 71, 2, 36, 42, 53),
(792, 72, 2, 33, 43, 60),
(793, 73, 2, 33, 40, 54),
(794, 74, 2, 36, 40, 53),
(795, 75, 2, 35, 45, 53),
(796, 76, 2, 35, 40, 56),
(797, 77, 2, 35, 46, 59),
(798, 78, 2, 34, 40, 56),
(799, 79, 2, 33, 42, 60),
(800, 80, 2, 34, 48, 57),
(801, 81, 2, 36, 48, 58),
(802, 82, 2, 35, 41, 58),
(803, 83, 2, 36, 43, 54),
(804, 84, 2, 33, 41, 53),
(805, 85, 2, 35, 47, 56),
(806, 86, 2, 36, 43, 58),
(807, 87, 2, 35, 43, 53),
(808, 88, 2, 33, 40, 56),
(809, 89, 2, 33, 42, 59),
(810, 90, 2, 35, 43, 53),
(811, 91, 2, 34, 49, 65),
(812, 92, 2, 35, 48, 60),
(813, 93, 2, 34, 45, 60),
(814, 94, 2, 36, 49, 60),
(815, 95, 2, 35, 49, 60),
(816, 96, 2, 35, 50, 64),
(817, 97, 2, 35, 47, 65),
(818, 98, 2, 35, 45, 61),
(819, 99, 2, 34, 45, 64),
(820, 100, 2, 35, 50, 65),
(821, 101, 2, 37, 52, 65),
(822, 102, 2, 35, 45, 62),
(823, 103, 2, 34, 51, 63),
(824, 104, 2, 34, 49, 62),
(825, 105, 2, 37, 48, 63),
(826, 106, 2, 34, 46, 65),
(827, 107, 2, 36, 45, 64),
(828, 108, 2, 34, 50, 60),
(829, 109, 2, 37, 50, 61),
(830, 110, 2, 36, 49, 63),
(831, 111, 2, 36, 49, 62),
(832, 112, 2, 35, 52, 65),
(833, 113, 2, 34, 45, 64),
(834, 114, 2, 35, 50, 63),
(835, 115, 2, 37, 50, 60),
(836, 116, 2, 35, 45, 60),
(837, 117, 2, 36, 52, 65),
(838, 118, 2, 35, 52, 60),
(839, 119, 2, 37, 45, 62),
(840, 120, 2, 36, 49, 65),
(841, 121, 2, 37, 50, 62),
(842, 122, 2, 34, 47, 62),
(843, 123, 2, 34, 51, 65),
(844, 124, 2, 36, 50, 63),
(845, 125, 2, 37, 52, 60),
(846, 126, 2, 36, 47, 65),
(847, 127, 2, 37, 51, 64),
(848, 128, 2, 34, 50, 61),
(849, 129, 2, 36, 51, 64),
(850, 130, 2, 35, 50, 61),
(851, 131, 2, 36, 45, 64),
(852, 132, 2, 35, 47, 64),
(853, 133, 2, 37, 52, 63),
(854, 134, 2, 37, 52, 65),
(855, 135, 2, 37, 49, 62),
(856, 136, 2, 37, 51, 63),
(857, 137, 2, 34, 48, 64),
(858, 138, 2, 34, 51, 65),
(859, 139, 2, 37, 49, 60),
(860, 140, 2, 35, 51, 62),
(861, 141, 2, 34, 45, 65),
(862, 142, 2, 34, 46, 64),
(863, 143, 2, 35, 49, 62),
(864, 144, 2, 35, 50, 63),
(865, 145, 2, 36, 52, 64),
(866, 146, 2, 34, 49, 60),
(867, 147, 2, 35, 51, 65),
(868, 148, 2, 36, 51, 62),
(869, 149, 2, 37, 47, 65),
(870, 150, 2, 35, 48, 62),
(871, 151, 2, 36, 51, 64),
(872, 152, 2, 37, 50, 63),
(873, 153, 2, 37, 52, 65),
(874, 154, 2, 36, 47, 65),
(875, 155, 2, 37, 52, 60),
(876, 156, 2, 37, 52, 63),
(877, 157, 2, 35, 47, 65),
(878, 158, 2, 35, 48, 62),
(879, 159, 2, 36, 52, 65),
(880, 160, 2, 37, 45, 65),
(881, 161, 2, 35, 47, 61),
(882, 162, 2, 34, 47, 63),
(883, 163, 2, 37, 49, 64),
(884, 164, 2, 36, 48, 61),
(885, 165, 2, 35, 49, 61),
(886, 166, 2, 36, 52, 65),
(887, 167, 2, 36, 47, 65),
(888, 168, 2, 37, 52, 65),
(889, 169, 2, 37, 45, 61),
(890, 170, 2, 34, 52, 62),
(891, 171, 2, 35, 49, 64),
(892, 172, 2, 37, 49, 65),
(893, 173, 2, 36, 45, 64),
(894, 174, 2, 36, 52, 65),
(895, 175, 2, 34, 49, 63),
(896, 176, 2, 37, 51, 61),
(897, 177, 2, 34, 52, 65),
(898, 178, 2, 34, 48, 61),
(899, 179, 2, 37, 51, 60),
(900, 180, 2, 37, 51, 62),
(901, 181, 2, 36, 55, 63),
(902, 182, 2, 37, 55, 65),
(903, 183, 2, 37, 55, 68),
(904, 184, 2, 36, 48, 65),
(905, 185, 2, 39, 55, 63),
(906, 186, 2, 36, 54, 59),
(907, 187, 2, 37, 52, 68),
(908, 188, 2, 36, 53, 58),
(909, 189, 2, 36, 53, 63),
(910, 190, 2, 38, 50, 64),
(911, 191, 2, 37, 48, 59),
(912, 192, 2, 36, 52, 67),
(913, 193, 2, 36, 53, 59),
(914, 194, 2, 38, 52, 61),
(915, 195, 2, 38, 51, 61),
(916, 196, 2, 39, 53, 59),
(917, 197, 2, 38, 55, 60),
(918, 198, 2, 39, 53, 67),
(919, 199, 2, 37, 48, 66),
(920, 200, 2, 39, 55, 62),
(921, 201, 2, 36, 54, 67),
(922, 202, 2, 38, 51, 59),
(923, 203, 2, 37, 52, 60),
(924, 204, 2, 37, 50, 66),
(925, 205, 2, 37, 55, 60),
(926, 206, 2, 36, 52, 61),
(927, 207, 2, 37, 48, 62),
(928, 208, 2, 38, 48, 59),
(929, 209, 2, 38, 50, 65),
(930, 210, 2, 38, 50, 60),
(931, 211, 2, 37, 49, 60),
(932, 212, 2, 37, 54, 63),
(933, 213, 2, 38, 51, 64),
(934, 214, 2, 39, 50, 60),
(935, 215, 2, 38, 54, 59),
(936, 216, 2, 38, 53, 64),
(937, 217, 2, 38, 51, 64),
(938, 218, 2, 37, 48, 65),
(939, 219, 2, 36, 51, 65),
(940, 220, 2, 36, 51, 60),
(941, 221, 2, 38, 48, 59),
(942, 222, 2, 39, 52, 63),
(943, 223, 2, 38, 52, 58),
(944, 224, 2, 39, 53, 58),
(945, 225, 2, 39, 49, 60),
(946, 226, 2, 39, 51, 58),
(947, 227, 2, 36, 53, 62),
(948, 228, 2, 37, 53, 66),
(949, 229, 2, 38, 53, 64),
(950, 230, 2, 38, 50, 63),
(951, 231, 2, 38, 49, 63),
(952, 232, 2, 38, 51, 61),
(953, 233, 2, 36, 55, 58),
(954, 234, 2, 39, 53, 62),
(955, 235, 2, 39, 53, 68),
(956, 236, 2, 36, 49, 65),
(957, 237, 2, 38, 54, 61),
(958, 238, 2, 38, 53, 65),
(959, 239, 2, 36, 50, 68),
(960, 240, 2, 37, 54, 61),
(961, 241, 2, 36, 49, 66),
(962, 242, 2, 39, 51, 68),
(963, 243, 2, 39, 48, 59),
(964, 244, 2, 36, 55, 64),
(965, 245, 2, 38, 50, 60),
(966, 246, 2, 38, 49, 63),
(967, 247, 2, 39, 51, 65),
(968, 248, 2, 37, 50, 64),
(969, 249, 2, 37, 49, 62),
(970, 250, 2, 38, 53, 66),
(971, 251, 2, 36, 55, 62),
(972, 252, 2, 38, 54, 60),
(973, 253, 2, 39, 53, 68),
(974, 254, 2, 38, 48, 64),
(975, 255, 2, 37, 54, 58),
(976, 256, 2, 37, 53, 67),
(977, 257, 2, 38, 52, 65),
(978, 258, 2, 38, 52, 58),
(979, 259, 2, 39, 55, 59),
(980, 260, 2, 38, 50, 59),
(981, 261, 2, 37, 49, 64),
(982, 262, 2, 39, 49, 66),
(983, 263, 2, 38, 55, 63),
(984, 264, 2, 36, 48, 67),
(985, 265, 2, 36, 51, 63),
(986, 266, 2, 39, 55, 58),
(987, 267, 2, 39, 51, 60),
(988, 268, 2, 36, 53, 63),
(989, 269, 2, 39, 48, 64),
(990, 270, 2, 39, 53, 63),
(991, 271, 2, 41, 55, 66),
(992, 272, 2, 39, 58, 64),
(993, 273, 2, 39, 59, 66),
(994, 274, 2, 41, 56, 64),
(995, 275, 2, 38, 54, 65),
(996, 276, 2, 38, 58, 64),
(997, 277, 2, 39, 58, 69),
(998, 278, 2, 39, 59, 64),
(999, 279, 2, 39, 58, 65),
(1000, 280, 2, 38, 54, 70),
(1001, 281, 2, 40, 55, 68),
(1002, 282, 2, 38, 58, 69),
(1003, 283, 2, 41, 57, 66),
(1004, 284, 2, 39, 54, 65),
(1005, 285, 2, 39, 55, 67),
(1006, 286, 2, 40, 53, 70),
(1007, 287, 2, 40, 55, 67),
(1008, 288, 2, 38, 54, 69),
(1009, 289, 2, 38, 57, 65),
(1010, 290, 2, 42, 57, 65),
(1011, 291, 2, 42, 56, 64),
(1012, 292, 2, 41, 54, 70),
(1013, 293, 2, 40, 59, 70),
(1014, 294, 2, 42, 53, 66),
(1015, 295, 2, 41, 53, 66),
(1016, 296, 2, 38, 58, 69),
(1017, 297, 2, 39, 56, 65),
(1018, 298, 2, 40, 53, 67),
(1019, 299, 2, 40, 58, 63),
(1020, 300, 2, 40, 55, 69),
(1021, 301, 2, 39, 56, 70),
(1022, 302, 2, 38, 56, 70),
(1023, 303, 2, 40, 59, 65),
(1024, 304, 2, 38, 55, 70),
(1025, 305, 2, 40, 58, 64),
(1026, 306, 2, 40, 53, 70),
(1027, 307, 2, 42, 57, 68),
(1028, 308, 2, 42, 57, 64),
(1029, 309, 2, 39, 54, 67),
(1030, 310, 2, 40, 57, 64),
(1031, 311, 2, 42, 55, 65),
(1032, 312, 2, 38, 56, 69),
(1033, 313, 2, 42, 55, 69),
(1034, 314, 2, 39, 53, 69),
(1035, 315, 2, 41, 55, 64),
(1036, 316, 2, 38, 56, 63),
(1037, 317, 2, 42, 56, 66),
(1038, 318, 2, 39, 56, 63),
(1039, 319, 2, 40, 54, 65),
(1040, 320, 2, 41, 55, 64),
(1041, 321, 2, 39, 55, 63),
(1042, 322, 2, 42, 54, 69),
(1043, 323, 2, 39, 55, 65),
(1044, 324, 2, 42, 59, 68),
(1045, 325, 2, 39, 58, 66),
(1046, 326, 2, 40, 54, 69),
(1047, 327, 2, 41, 53, 67),
(1048, 328, 2, 42, 57, 67),
(1049, 329, 2, 39, 53, 63),
(1050, 330, 2, 40, 53, 66),
(1051, 331, 2, 40, 54, 69),
(1052, 332, 2, 42, 57, 65),
(1053, 333, 2, 38, 55, 67),
(1054, 334, 2, 39, 57, 65),
(1055, 335, 2, 42, 55, 63),
(1056, 336, 2, 42, 58, 64),
(1057, 337, 2, 41, 59, 69),
(1058, 338, 2, 38, 53, 70),
(1059, 339, 2, 40, 58, 69),
(1060, 340, 2, 38, 57, 70),
(1061, 341, 2, 38, 57, 63),
(1062, 342, 2, 38, 53, 63),
(1063, 343, 2, 38, 56, 68),
(1064, 344, 2, 40, 57, 68),
(1065, 345, 2, 39, 57, 64),
(1066, 346, 2, 42, 53, 67),
(1067, 347, 2, 42, 58, 63),
(1068, 348, 2, 40, 55, 69),
(1069, 349, 2, 39, 57, 67),
(1070, 350, 2, 40, 58, 68),
(1071, 351, 2, 38, 53, 67),
(1072, 352, 2, 39, 54, 67),
(1073, 353, 2, 41, 56, 66),
(1074, 354, 2, 42, 59, 63),
(1075, 355, 2, 38, 59, 64),
(1076, 356, 2, 42, 58, 65),
(1077, 357, 2, 39, 57, 65),
(1078, 358, 2, 42, 57, 63),
(1079, 359, 2, 40, 58, 64),
(1080, 360, 2, 39, 56, 64),
(1081, 361, 2, 40, 55, 68),
(1082, 362, 2, 41, 58, 70),
(1083, 363, 2, 40, 58, 71),
(1084, 364, 2, 41, 56, 71),
(1085, 365, 2, 41, 62, 67),
(1086, 366, 2, 43, 55, 72),
(1087, 367, 2, 41, 62, 70),
(1088, 368, 2, 40, 61, 66),
(1089, 369, 2, 40, 55, 68),
(1090, 370, 2, 40, 62, 66),
(1091, 371, 2, 43, 62, 71),
(1092, 372, 2, 44, 59, 71),
(1093, 373, 2, 40, 58, 65),
(1094, 374, 2, 40, 60, 65),
(1095, 375, 2, 42, 57, 71),
(1096, 376, 2, 41, 56, 71),
(1097, 377, 2, 42, 59, 65),
(1098, 378, 2, 40, 58, 65),
(1099, 379, 2, 43, 61, 68),
(1100, 380, 2, 41, 56, 67),
(1101, 381, 2, 40, 57, 72),
(1102, 382, 2, 41, 61, 69),
(1103, 383, 2, 41, 60, 65),
(1104, 384, 2, 43, 58, 71),
(1105, 385, 2, 44, 56, 70),
(1106, 386, 2, 44, 59, 73),
(1107, 387, 2, 41, 61, 68),
(1108, 388, 2, 42, 62, 72),
(1109, 389, 2, 43, 60, 68),
(1110, 390, 2, 43, 56, 69),
(1111, 391, 2, 40, 61, 70),
(1112, 392, 2, 44, 62, 69),
(1113, 393, 2, 42, 57, 71),
(1114, 394, 2, 40, 58, 66),
(1115, 395, 2, 40, 58, 69),
(1116, 396, 2, 41, 58, 72),
(1117, 397, 2, 44, 57, 73),
(1118, 398, 2, 41, 59, 72),
(1119, 399, 2, 43, 61, 70),
(1120, 400, 2, 44, 57, 71),
(1121, 401, 2, 43, 60, 71),
(1122, 402, 2, 40, 62, 71),
(1123, 403, 2, 40, 55, 72),
(1124, 404, 2, 44, 55, 69),
(1125, 405, 2, 42, 56, 65),
(1126, 406, 2, 44, 62, 71),
(1127, 407, 2, 44, 60, 66),
(1128, 408, 2, 41, 61, 66),
(1129, 409, 2, 41, 62, 71),
(1130, 410, 2, 40, 59, 73),
(1131, 411, 2, 40, 61, 69),
(1132, 412, 2, 44, 60, 67),
(1133, 413, 2, 40, 57, 73),
(1134, 414, 2, 42, 56, 66),
(1135, 415, 2, 40, 58, 66),
(1136, 416, 2, 43, 60, 73),
(1137, 417, 2, 43, 61, 68),
(1138, 418, 2, 41, 57, 69),
(1139, 419, 2, 44, 59, 73),
(1140, 420, 2, 42, 59, 70),
(1141, 421, 2, 42, 55, 73),
(1142, 422, 2, 44, 59, 68),
(1143, 423, 2, 43, 59, 68),
(1144, 424, 2, 44, 62, 68),
(1145, 425, 2, 41, 58, 69),
(1146, 426, 2, 43, 57, 71),
(1147, 427, 2, 43, 56, 72),
(1148, 428, 2, 42, 60, 72),
(1149, 429, 2, 43, 58, 66),
(1150, 430, 2, 40, 55, 65),
(1151, 431, 2, 41, 55, 71),
(1152, 432, 2, 43, 58, 73),
(1153, 433, 2, 40, 59, 67),
(1154, 434, 2, 40, 59, 67),
(1155, 435, 2, 40, 57, 65),
(1156, 436, 2, 40, 59, 69),
(1157, 437, 2, 43, 55, 67),
(1158, 438, 2, 42, 56, 71),
(1159, 439, 2, 43, 62, 68),
(1160, 440, 2, 40, 57, 73),
(1161, 441, 2, 42, 62, 67),
(1162, 442, 2, 43, 58, 72),
(1163, 443, 2, 40, 55, 68),
(1164, 444, 2, 44, 58, 65),
(1165, 445, 2, 42, 60, 67),
(1166, 446, 2, 43, 58, 65),
(1167, 447, 2, 43, 61, 67),
(1168, 448, 2, 43, 58, 67),
(1169, 449, 2, 40, 57, 71),
(1170, 450, 2, 41, 59, 69),
(1171, 451, 2, 42, 60, 73),
(1172, 452, 2, 45, 66, 74),
(1173, 453, 2, 45, 68, 70),
(1174, 454, 2, 41, 67, 71),
(1175, 455, 2, 44, 68, 75),
(1176, 456, 2, 39, 60, 75),
(1177, 457, 2, 40, 61, 75),
(1178, 458, 2, 43, 60, 72),
(1179, 459, 2, 43, 61, 70),
(1180, 460, 2, 40, 68, 70),
(1181, 461, 2, 40, 61, 73),
(1182, 462, 2, 41, 64, 70),
(1183, 463, 2, 41, 67, 69),
(1184, 464, 2, 42, 64, 74),
(1185, 465, 2, 45, 67, 73),
(1186, 466, 2, 41, 62, 71),
(1187, 467, 2, 41, 68, 74),
(1188, 468, 2, 42, 64, 75),
(1189, 469, 2, 44, 61, 74),
(1190, 470, 2, 40, 66, 71),
(1191, 471, 2, 40, 68, 72),
(1192, 472, 2, 44, 63, 68),
(1193, 473, 2, 39, 66, 70),
(1194, 474, 2, 41, 63, 72),
(1195, 475, 2, 41, 64, 70),
(1196, 476, 2, 39, 67, 68),
(1197, 477, 2, 43, 63, 75),
(1198, 478, 2, 44, 63, 75),
(1199, 479, 2, 39, 62, 72),
(1200, 480, 2, 41, 68, 71),
(1201, 481, 2, 41, 68, 70),
(1202, 482, 2, 42, 63, 74),
(1203, 483, 2, 45, 67, 75),
(1204, 484, 2, 44, 62, 75),
(1205, 485, 2, 39, 61, 73),
(1206, 486, 2, 41, 67, 75),
(1207, 487, 2, 42, 68, 75),
(1208, 488, 2, 40, 63, 71),
(1209, 489, 2, 40, 60, 72),
(1210, 490, 2, 41, 62, 72),
(1211, 491, 2, 41, 65, 70),
(1212, 492, 2, 43, 67, 72),
(1213, 493, 2, 41, 61, 75),
(1214, 494, 2, 40, 62, 68),
(1215, 495, 2, 39, 60, 69),
(1216, 496, 2, 41, 67, 69),
(1217, 497, 2, 40, 65, 73),
(1218, 498, 2, 40, 66, 74),
(1219, 499, 2, 45, 66, 70),
(1220, 500, 2, 43, 68, 74),
(1221, 501, 2, 43, 64, 70),
(1222, 502, 2, 40, 61, 74),
(1223, 503, 2, 39, 68, 70),
(1224, 504, 2, 43, 65, 73),
(1225, 505, 2, 39, 66, 75),
(1226, 506, 2, 45, 66, 73),
(1227, 507, 2, 44, 64, 70),
(1228, 508, 2, 42, 66, 74),
(1229, 509, 2, 43, 61, 74),
(1230, 510, 2, 41, 64, 73),
(1231, 511, 2, 45, 64, 71),
(1232, 512, 2, 42, 63, 68),
(1233, 513, 2, 45, 60, 73),
(1234, 514, 2, 41, 64, 74),
(1235, 515, 2, 40, 62, 71),
(1236, 516, 2, 40, 63, 71),
(1237, 517, 2, 40, 64, 71),
(1238, 518, 2, 39, 67, 72),
(1239, 519, 2, 39, 64, 70),
(1240, 520, 2, 45, 68, 72),
(1241, 521, 2, 40, 68, 70),
(1242, 522, 2, 44, 62, 71),
(1243, 523, 2, 39, 67, 69),
(1244, 524, 2, 44, 65, 71),
(1245, 525, 2, 45, 60, 73),
(1246, 526, 2, 39, 64, 68),
(1247, 527, 2, 39, 67, 72),
(1248, 528, 2, 42, 62, 68),
(1249, 529, 2, 41, 65, 75),
(1250, 530, 2, 43, 64, 68),
(1251, 531, 2, 44, 64, 73),
(1252, 532, 2, 44, 61, 70),
(1253, 533, 2, 45, 67, 71),
(1254, 534, 2, 39, 62, 72),
(1255, 535, 2, 43, 63, 72),
(1256, 536, 2, 45, 67, 72),
(1257, 537, 2, 43, 67, 71),
(1258, 538, 2, 45, 66, 75),
(1259, 539, 2, 42, 66, 73),
(1260, 540, 2, 41, 65, 72),
(1261, 541, 2, 46, 70, 72),
(1262, 542, 2, 45, 68, 72),
(1263, 543, 2, 45, 69, 72),
(1264, 544, 2, 43, 69, 73),
(1265, 545, 2, 43, 65, 74),
(1266, 546, 2, 44, 65, 73),
(1267, 547, 2, 45, 66, 71),
(1268, 548, 2, 43, 73, 73),
(1269, 549, 2, 43, 73, 72),
(1270, 550, 2, 42, 72, 80),
(1271, 551, 2, 42, 68, 73),
(1272, 552, 2, 44, 69, 77),
(1273, 553, 2, 46, 71, 70),
(1274, 554, 2, 46, 67, 72),
(1275, 555, 2, 46, 67, 78),
(1276, 556, 2, 46, 65, 77),
(1277, 557, 2, 42, 71, 80),
(1278, 558, 2, 46, 70, 75),
(1279, 559, 2, 43, 67, 80),
(1280, 560, 2, 46, 73, 79),
(1281, 561, 2, 44, 72, 80),
(1282, 562, 2, 44, 68, 76),
(1283, 563, 2, 43, 71, 71),
(1284, 564, 2, 43, 68, 71),
(1285, 565, 2, 44, 71, 75),
(1286, 566, 2, 44, 73, 77),
(1287, 567, 2, 42, 65, 71),
(1288, 568, 2, 45, 70, 77),
(1289, 569, 2, 42, 72, 75),
(1290, 570, 2, 45, 65, 78),
(1291, 571, 2, 44, 65, 76),
(1292, 572, 2, 44, 67, 71),
(1293, 573, 2, 44, 68, 70),
(1294, 574, 2, 46, 69, 72),
(1295, 575, 2, 44, 68, 80),
(1296, 576, 2, 46, 72, 80),
(1297, 577, 2, 44, 65, 71),
(1298, 578, 2, 46, 66, 73),
(1299, 579, 2, 43, 69, 70),
(1300, 580, 2, 42, 65, 77),
(1301, 581, 2, 43, 72, 75),
(1302, 582, 2, 42, 71, 80),
(1303, 583, 2, 46, 67, 71),
(1304, 584, 2, 43, 73, 70),
(1305, 585, 2, 44, 70, 79),
(1306, 586, 2, 44, 71, 80),
(1307, 587, 2, 43, 73, 75),
(1308, 588, 2, 46, 67, 71),
(1309, 589, 2, 46, 71, 71),
(1310, 590, 2, 43, 66, 80),
(1311, 591, 2, 43, 66, 71),
(1312, 592, 2, 46, 68, 80),
(1313, 593, 2, 45, 71, 76),
(1314, 594, 2, 44, 71, 77),
(1315, 595, 2, 42, 69, 75),
(1316, 596, 2, 45, 73, 77),
(1317, 597, 2, 44, 66, 79),
(1318, 598, 2, 43, 71, 77),
(1319, 599, 2, 42, 68, 77),
(1320, 600, 2, 45, 66, 79),
(1321, 601, 2, 42, 70, 72),
(1322, 602, 2, 45, 66, 75),
(1323, 603, 2, 42, 67, 73),
(1324, 604, 2, 43, 73, 74),
(1325, 605, 2, 42, 73, 76),
(1326, 606, 2, 46, 65, 76),
(1327, 607, 2, 42, 71, 80),
(1328, 608, 2, 45, 65, 78),
(1329, 609, 2, 45, 67, 71),
(1330, 610, 2, 45, 69, 78),
(1331, 611, 2, 44, 73, 78),
(1332, 612, 2, 46, 71, 80),
(1333, 613, 2, 46, 66, 75),
(1334, 614, 2, 42, 73, 80),
(1335, 615, 2, 46, 73, 74),
(1336, 616, 2, 45, 68, 73),
(1337, 617, 2, 46, 71, 78),
(1338, 618, 2, 45, 73, 79),
(1339, 619, 2, 45, 68, 76),
(1340, 620, 2, 45, 69, 77),
(1341, 621, 2, 44, 72, 74),
(1342, 622, 2, 43, 70, 72),
(1343, 623, 2, 44, 67, 78),
(1344, 624, 2, 43, 69, 77),
(1345, 625, 2, 43, 66, 77),
(1346, 626, 2, 42, 70, 72),
(1347, 627, 2, 46, 72, 71),
(1348, 628, 2, 45, 72, 75),
(1349, 629, 2, 45, 69, 70),
(1350, 630, 2, 44, 66, 75),
(1351, 631, 2, 48, 73, 80),
(1352, 632, 2, 47, 73, 85),
(1353, 633, 2, 49, 79, 75),
(1354, 634, 2, 46, 72, 82),
(1355, 635, 2, 46, 76, 80),
(1356, 636, 2, 45, 77, 84),
(1357, 637, 2, 47, 76, 82),
(1358, 638, 2, 46, 77, 83),
(1359, 639, 2, 48, 74, 82),
(1360, 640, 2, 48, 76, 75),
(1361, 641, 2, 44, 77, 85),
(1362, 642, 2, 45, 79, 79),
(1363, 643, 2, 45, 77, 81),
(1364, 644, 2, 48, 77, 75),
(1365, 645, 2, 47, 73, 77),
(1366, 646, 2, 44, 74, 75),
(1367, 647, 2, 48, 76, 76),
(1368, 648, 2, 47, 77, 77),
(1369, 649, 2, 49, 72, 78),
(1370, 650, 2, 49, 78, 83),
(1371, 651, 2, 45, 76, 75),
(1372, 652, 2, 44, 76, 76),
(1373, 653, 2, 48, 74, 75),
(1374, 654, 2, 46, 73, 78),
(1375, 655, 2, 45, 77, 78),
(1376, 656, 2, 44, 71, 78),
(1377, 657, 2, 44, 76, 78),
(1378, 658, 2, 44, 70, 76),
(1379, 659, 2, 45, 78, 85),
(1380, 660, 2, 46, 76, 78),
(1381, 661, 2, 45, 75, 77),
(1382, 662, 2, 49, 72, 81),
(1383, 663, 2, 44, 74, 83),
(1384, 664, 2, 44, 76, 80),
(1385, 665, 2, 45, 73, 75),
(1386, 666, 2, 44, 79, 84),
(1387, 667, 2, 49, 76, 83),
(1388, 668, 2, 46, 76, 79),
(1389, 669, 2, 47, 70, 80),
(1390, 670, 2, 47, 74, 77),
(1391, 671, 2, 49, 79, 84),
(1392, 672, 2, 45, 72, 78),
(1393, 673, 2, 46, 76, 75),
(1394, 674, 2, 47, 78, 81),
(1395, 675, 2, 44, 73, 85),
(1396, 676, 2, 48, 72, 81),
(1397, 677, 2, 44, 76, 76),
(1398, 678, 2, 48, 73, 77),
(1399, 679, 2, 46, 72, 81),
(1400, 680, 2, 48, 72, 78),
(1401, 681, 2, 44, 79, 76),
(1402, 682, 2, 47, 78, 78),
(1403, 683, 2, 47, 72, 75),
(1404, 684, 2, 46, 78, 77),
(1405, 685, 2, 48, 71, 84),
(1406, 686, 2, 44, 76, 79),
(1407, 687, 2, 49, 70, 82),
(1408, 688, 2, 48, 74, 77),
(1409, 689, 2, 45, 75, 80),
(1410, 690, 2, 44, 70, 81),
(1411, 691, 2, 47, 70, 79),
(1412, 692, 2, 45, 78, 84),
(1413, 693, 2, 49, 79, 78),
(1414, 694, 2, 47, 79, 78),
(1415, 695, 2, 46, 70, 84),
(1416, 696, 2, 44, 73, 78),
(1417, 697, 2, 48, 76, 84),
(1418, 698, 2, 48, 76, 80),
(1419, 699, 2, 49, 78, 79),
(1420, 700, 2, 48, 76, 76),
(1421, 701, 2, 49, 74, 85),
(1422, 702, 2, 46, 78, 78),
(1423, 703, 2, 47, 71, 76),
(1424, 704, 2, 45, 75, 81),
(1425, 705, 2, 44, 79, 85),
(1426, 706, 2, 47, 70, 83),
(1427, 707, 2, 46, 71, 82),
(1428, 708, 2, 48, 74, 85),
(1429, 709, 2, 45, 70, 78),
(1430, 710, 2, 49, 76, 76),
(1431, 711, 2, 49, 79, 77),
(1432, 712, 2, 46, 72, 84),
(1433, 713, 2, 48, 77, 81),
(1434, 714, 2, 48, 75, 83),
(1435, 715, 2, 48, 75, 83),
(1436, 716, 2, 46, 75, 81),
(1437, 717, 2, 48, 74, 85),
(1438, 718, 2, 48, 79, 77),
(1439, 719, 2, 45, 70, 77),
(1440, 720, 2, 48, 70, 79);

-- --------------------------------------------------------

--
-- Table structure for table `students`
--

CREATE TABLE `students` (
  `id` int(5) NOT NULL,
  `name` varchar(100) NOT NULL,
  `roll_number` bigint(100) NOT NULL,
  `password` varchar(50) NOT NULL,
  `department` int(3) NOT NULL,
  `batch` int(3) NOT NULL
) ENGINE=InnoDB DEFAULT CHARSET=latin1;

--
-- Dumping data for table `students`
--

INSERT INTO `students` (`id`, `name`, `roll_number`, `password`, `department`, `batch`) VALUES
(1, 'divya', 1000000002, '1000000002', 1, 1),
(2, 'Priyanka', 1000000003, '1000000003', 1, 1),
(3, 'priya', 1000000004, '1000000004', 1, 1),
(4, 'tanvi', 1000000005, '1000000005', 1, 1),
(5, 'Shreya', 1000000006, '1000000006', 1, 1),
(6, 'riya', 1000000007, '1000000007', 1, 1),
(7, 'Sneha', 1000000008, '1000000008', 1, 1),
(8, 'Aishwarya', 1000000009, '1000000009', 1, 1),
(9, 'Gayatri', 1000000010, '1000000010', 1, 1),
(10, 'vani', 1000000011, '1000000011', 1, 1),
(11, 'leah', 1000000012, '1000000012', 1, 1),
(12, 'Pavithra', 1000000013, '1000000013', 1, 1),
(13, 'seema', 1000000014, '1000000014', 1, 1),
(14, 'Anusha', 1000000015, '1000000015', 1, 1),
(15, 'Aswini', 1000000016, '1000000016', 1, 1),
(16, 'nishi', 1000000017, '1000000017', 1, 1),
(17, 'Anushri', 1000000018, '1000000018', 1, 1),
(18, 'Ayushi', 1000000019, '1000000019', 1, 1),
(19, 'Radhika', 1000000020, '1000000020', 1, 1),
(20, 'tanu', 1000000021, '1000000021', 1, 1),
(21, 'varsha', 1000000022, '1000000022', 1, 1),
(22, 'krithika', 1000000023, '1000000023', 1, 1),
(23, 'Niharika', 1000000024, '1000000024', 1, 1),
(24, 'Ishita', 1000000025, '1000000025', 1, 1),
(25, 'natasha', 1000000026, '1000000026', 1, 1),
(26, 'Neha', 1000000027, '1000000027', 1, 1),
(27, 'Ira', 1000000028, '1000000028', 1, 1),
(28, 'Suhani', 1000000029, '1000000029', 1, 1),
(29, 'shivangi', 1000000030, '1000000030', 1, 1),
(30, 'Anjali', 1000000031, '1000000031', 1, 1),
(31, 'Isha', 1000000032, '1000000032', 1, 1),
(32, 'rhea', 1000000033, '1000000033', 1, 1),
(33, 'ananya', 1000000034, '1000000034', 1, 1),
(34, 'shivani', 1000000035, '1000000035', 1, 1),
(35, 'Sakshi', 1000000036, '1000000036', 1, 1),
(36, 'Arya', 1000000037, '1000000037', 1, 1),
(37, 'deepa', 1000000038, '1000000038', 1, 1),
(38, 'juvina', 1000000039, '1000000039', 1, 1),
(39, 'Angel', 1000000040, '1000000040', 1, 1),
(40, 'anamika', 1000000041, '1000000041', 1, 1),
(41, 'Lavanya', 1000000042, '1000000042', 1, 1),
(42, 'ishika', 1000000043, '1000000043', 1, 1),
(43, 'Lily', 1000000044, '1000000044', 1, 1),
(44, 'Sam', 1000000045, '1000000045', 1, 1),
(45, 'vaishnavi', 1000000046, '1000000046', 1, 1),
(46, 'diksha', 1000000047, '1000000047', 1, 1),
(47, 'Arusha', 1000000048, '1000000048', 1, 1),
(48, 'Niti', 1000000049, '1000000049', 1, 1),
(49, 'vidhya', 1000000050, '1000000050', 1, 1),
(50, 'kavya', 1000000051, '1000000051', 1, 1),
(51, 'Namrata', 1000000052, '1000000052', 1, 1),
(52, 'Lish', 1000000053, '1000000053', 1, 1),
(53, 'hannah', 1000000054, '1000000054', 1, 1),
(54, 'Gowri', 1000000055, '1000000055', 1, 1),
(55, 'Shriya', 1000000056, '1000000056', 1, 1),
(56, 'Archita', 1000000057, '1000000057', 1, 1),
(57, 'Rashi', 1000000058, '1000000058', 1, 1),
(58, 'kamalika', 1000000059, '1000000059', 1, 1),
(59, 'Khushi', 1000000060, '1000000060', 1, 1),
(60, 'Eli', 1000000061, '1000000061', 1, 1),
(61, 'jiffy', 1000000062, '1000000062', 1, 1),
(62, 'chanchal', 1000000063, '1000000063', 1, 1),
(63, 'Isabel', 1000000064, '1000000064', 1, 1),
(64, 'jasmine', 1000000065, '1000000065', 1, 1),
(65, 'Pradeepa', 1000000066, '1000000066', 1, 1),
(66, 'Nandita', 1000000067, '1000000067', 1, 1),
(67, 'Richa', 1000000068, '1000000068', 1, 1),
(68, 'AARUSHI', 1000000069, '1000000069', 1, 1),
(69, 'ANJU', 1000000070, '1000000070', 1, 1),
(70, 'sania', 1000000071, '1000000071', 1, 1),
(71, 'krittika', 1000000072, '1000000072', 1, 1),
(72, 'sasashy', 1000000073, '1000000073', 1, 1),
(73, 'Sonam', 1000000074, '1000000074', 1, 1),
(74, 'Apoorva', 1000000075, '1000000075', 1, 1),
(75, 'Gitanjali', 1000000076, '1000000076', 1, 1),
(76, 'keerthi', 1000000077, '1000000077', 1, 1),
(77, 'Alice', 1000000078, '1000000078', 1, 1),
(78, 'Manasi', 1000000079, '1000000079', 1, 1),
(79, 'Urvashi', 1000000080, '1000000080', 1, 1),
(80, 'Sowmya', 1000000081, '1000000081', 1, 1),
(81, 'geyir', 1000000082, '1000000082', 1, 1),
(82, 'Manasa', 1000000083, '1000000083', 1, 1),
(83, 'Anushree', 1000000084, '1000000084', 1, 1),
(84, 'Lala', 1000000085, '1000000085', 1, 1),
(85, 'simran', 1000000086, '1000000086', 1, 1),
(86, 'Katherine', 1000000087, '1000000087', 1, 1),
(87, 'Anjana', 1000000088, '1000000088', 1, 1),
(88, 'Anisha', 1000000089, '1000000089', 1, 1),
(89, 'Akansha', 1000000090, '1000000090', 1, 1),
(90, 'Sadaf', 1000000091, '1000000091', 1, 1),
(91, 'Nishita', 1000000092, '1000000092', 1, 2),
(92, 'diya', 1000000093, '1000000093', 1, 2),
(93, 'Siya', 1000000094, '1000000094', 1, 2),
(94, 'Abigail', 1000000095, '1000000095', 1, 2),
(95, 'suvi', 1000000096, '1000000096', 1, 2),
(96, 'binita', 1000000097, '1000000097', 1, 2),
(97, 'Sheal', 1000000098, '1000000098', 1, 2),
(98, 'sanjana', 1000000099, '1000000099', 1, 2),
(99, 'prachi', 1000000100, '1000000100', 1, 2),
(100, 'Abhishek', 1000000101, '1000000101', 1, 2),
(101, 'Aditya', 1000000102, '1000000102', 1, 2),
(102, 'Amit', 1000000103, '1000000103', 1, 2),
(103, 'mahesh', 1000000104, '1000000104', 1, 2),
(104, 'ROHIT', 1000000105, '1000000105', 1, 2),
(105, 'yash', 1000000106, '1000000106', 1, 2),
(106, 'shyam', 1000000107, '1000000107', 1, 2),
(107, 'Ankit', 1000000108, '1000000108', 1, 2),
(108, 'Deepak', 1000000109, '1000000109', 1, 2),
(109, 'Arjun', 1000000110, '1000000110', 1, 2),
(110, 'Vinay', 1000000111, '1000000111', 1, 2),
(111, 'Parth', 1000000112, '1000000112', 1, 2),
(112, 'Mayank', 1000000113, '1000000113', 1, 2),
(113, 'Manoj', 1000000114, '1000000114', 1, 2),
(114, 'ankur', 1000000115, '1000000115', 1, 2),
(115, 'Karan', 1000000116, '1000000116', 1, 2),
(116, 'rakesh', 1000000117, '1000000117', 1, 2),
(117, 'Aryan', 1000000118, '1000000118', 1, 2),
(118, 'Raj', 1000000119, '1000000119', 1, 2),
(119, 'Naveen', 1000000120, '1000000120', 1, 2),
(120, 'Ashish', 1000000121, '1000000121', 1, 2),
(121, 'ABHI', 1000000122, '1000000122', 1, 2),
(122, 'Rishabh', 1000000123, '1000000123', 1, 2),
(123, 'Aaditya', 1000000124, '1000000124', 1, 2),
(124, 'akash', 1000000125, '1000000125', 1, 2),
(125, 'Sam', 1000000126, '1000000126', 1, 2),
(126, 'Neeraj', 1000000127, '1000000127', 1, 2),
(127, 'kumar', 1000000128, '1000000128', 1, 2),
(128, 'vivek', 1000000129, '1000000129', 1, 2),
(129, 'Vaibhav', 1000000130, '1000000130', 1, 2),
(130, 'Abhinav', 1000000131, '1000000131', 1, 2),
(131, 'Rohan', 1000000132, '1000000132', 1, 2),
(132, 'ajith', 1000000133, '1000000133', 1, 2),
(133, 'Varun', 1000000134, '1000000134', 1, 2),
(134, 'Anish', 1000000135, '1000000135', 1, 2),
(135, 'ALOK', 1000000136, '1000000136', 1, 2),
(136, 'abdul', 1000000137, '1000000137', 1, 2),
(137, 'Raghav', 1000000138, '1000000138', 1, 2),
(138, 'SUNNY', 1000000139, '1000000139', 1, 2),
(139, 'Siddharth', 1000000140, '1000000140', 1, 2),
(140, 'vedant', 1000000141, '1000000141', 1, 2),
(141, 'vikas', 1000000142, '1000000142', 1, 2),
(142, 'MOHIT', 1000000143, '1000000143', 1, 2),
(143, 'Ajay', 1000000144, '1000000144', 1, 2),
(144, 'jay', 1000000145, '1000000145', 1, 2),
(145, 'vishal', 1000000146, '1000000146', 1, 2),
(146, 'Raju', 1000000147, '1000000147', 1, 2),
(147, 'manish', 1000000148, '1000000148', 1, 2),
(148, 'Soham', 1000000149, '1000000149', 1, 2),
(149, 'shivam', 1000000150, '1000000150', 1, 2),
(150, 'Pranav', 1000000151, '1000000151', 1, 2),
(151, 'Nishant', 1000000152, '1000000152', 1, 2),
(152, 'Nitin', 1000000153, '1000000153', 1, 2),
(153, 'Krishna', 1000000154, '1000000154', 1, 2),
(154, 'john', 1000000155, '1000000155', 1, 2),
(155, 'Anil', 1000000156, '1000000156', 1, 2),
(156, 'Deep', 1000000157, '1000000157', 1, 2),
(157, 'Ramanan', 1000000158, '1000000158', 1, 2),
(158, 'prince', 1000000159, '1000000159', 1, 2),
(159, 'Aniket', 1000000160, '1000000160', 1, 2),
(160, 'Swapnil', 1000000161, '1000000161', 1, 2),
(161, 'dinesh', 1000000162, '1000000162', 1, 2),
(162, 'pawan', 1000000163, '1000000163', 1, 2),
(163, 'Rajeev', 1000000164, '1000000164', 1, 2),
(164, 'atul', 1000000165, '1000000165', 1, 2),
(165, 'tushar', 1000000166, '1000000166', 1, 2),
(166, 'Harish', 1000000167, '1000000167', 1, 2),
(167, 'Avinash', 1000000168, '1000000168', 1, 2),
(168, 'Avi', 1000000169, '1000000169', 1, 2),
(169, 'PRATEEK', 1000000170, '1000000170', 1, 2),
(170, 'SURESH', 1000000171, '1000000171', 1, 2),
(171, 'Ajeet', 1000000172, '1000000172', 1, 2),
(172, 'Aman', 1000000173, '1000000173', 1, 2),
(173, 'rishi', 1000000174, '1000000174', 1, 2),
(174, 'Pankaj', 1000000175, '1000000175', 1, 2),
(175, 'manu', 1000000176, '1000000176', 1, 2),
(176, 'Lipun', 1000000177, '1000000177', 1, 2),
(177, 'Himanshu', 1000000178, '1000000178', 1, 2),
(178, 'Nitesh', 1000000179, '1000000179', 1, 2),
(179, 'Arun', 1000000180, '1000000180', 1, 2),
(180, 'Vijay', 1000000181, '1000000181', 1, 2),
(181, 'Anand', 1000000182, '1000000182', 1, 3),
(182, 'Sumit', 1000000183, '1000000183', 1, 3),
(183, 'Shashank', 1000000184, '1000000184', 1, 3),
(184, 'Dhruv', 1000000185, '1000000185', 1, 3),
(185, 'Anirudh', 1000000186, '1000000186', 1, 3),
(186, 'Ram', 1000000187, '1000000187', 1, 3),
(187, 'sanchit', 1000000188, '1000000188', 1, 3),
(188, 'Simon', 1000000189, '1000000189', 1, 3),
(189, 'gokul', 1000000190, '1000000190', 1, 3),
(190, 'sanjay', 1000000191, '1000000191', 1, 3),
(191, 'Deepro', 1000000192, '1000000192', 1, 3),
(192, 'Shekhar', 1000000193, '1000000193', 1, 3),
(193, 'Anurag', 1000000194, '1000000194', 1, 3),
(194, 'Akshay', 1000000195, '1000000195', 1, 3),
(195, 'Paaus', 1000000196, '1000000196', 1, 3),
(196, 'shaan', 1000000197, '1000000197', 1, 3),
(197, 'Kartik', 1000000198, '1000000198', 1, 3),
(198, 'GIRISH', 1000000199, '1000000199', 1, 3),
(199, 'Tanya', 1000000200, '1000000200', 1, 3),
(200, 'Nancy', 1000000201, '1000000201', 1, 3),
(201, 'Chirag Sachdeva', 1000000202, '1000000202', 1, 3),
(202, 'Randhir Swarnkar', 1000000203, '1000000203', 1, 3),
(203, 'Archit Agarwal', 1000000204, '1000000204', 1, 3),
(204, 'Abhishek Sharma', 1000000205, '1000000205', 1, 3),
(205, 'Divyanshu Tiwari', 1000000206, '1000000206', 1, 3),
(206, 'Arun Kumar', 1000000207, '1000000207', 1, 3),
(207, 'Sharad Kumar', 1000000208, '1000000208', 1, 3),
(208, 'Sarabjeet Kaur', 1000000209, '1000000209', 1, 3),
(209, 'Avinash Gupta', 1000000210, '1000000210', 1, 3),
(210, 'Tanmoy Paul', 1000000211, '1000000211', 1, 3),
(211, 'Parul', 1000000212, '1000000212', 1, 3),
(212, 'Sameer Kumar Misra', 1000000213, '1000000213', 1, 3),
(213, 'Ashish Rana', 1000000214, '1000000214', 1, 3),
(214, 'Rohit Birjrawat', 1000000215, '1000000215', 1, 3),
(215, 'Deepak Singh', 1000000216, '1000000216', 1, 3),
(216, 'Yuvraj Singh Digra', 1000000217, '1000000217', 1, 3),
(217, 'L. Shyam Sridhar', 1000000218, '1000000218', 1, 3),
(218, 'Tanmay Gupta', 1000000219, '1000000219', 1, 3),
(219, 'Prachi Goyal', 1000000220, '1000000220', 1, 3),
(220, 'Abhishek Paul', 1000000221, '1000000221', 1, 3),
(221, 'Eric Clive R', 1000000222, '1000000222', 1, 3),
(222, 'Mamta', 1000000223, '1000000223', 1, 3),
(223, 'Manish Kumar', 1000000224, '1000000224', 1, 3),
(224, 'Amit Kumar', 1000000225, '1000000225', 1, 3),
(225, 'Divyanshu Soni', 1000000226, '1000000226', 1, 3),
(226, 'Manjari Chkraborty', 1000000227, '1000000227', 1, 3),
(227, 'Tanu Rana', 1000000228, '1000000228', 1, 3),
(228, 'Radhika Kumari', 1000000229, '1000000229', 1, 3),
(229, 'Randeep Kaur', 1000000230, '1000000230', 1, 3),
(230, 'Anubhab Chakraborty', 1000000231, '1000000231', 1, 3),
(231, 'Sweta Gahlot', 1000000232, '1000000232', 1, 3),
(232, 'Kalyan Jyoti Kalita', 1000000233, '1000000233', 1, 3),
(233, 'T. J. Logesh', 1000000234, '1000000234', 1, 3),
(234, 'Raunak Chaurasia', 1000000235, '1000000235', 1, 3),
(235, 'Subin P. Suresh', 1000000236, '1000000236', 1, 3),
(236, 'K. Vasuki', 1000000237, '1000000237', 1, 3),
(237, 'Shubham Kumar', 1000000238, '1000000238', 1, 3),
(238, 'Akash Verma', 1000000239, '1000000239', 1, 3),
(239, 'Deepak Kumar', 1000000240, '1000000240', 1, 3),
(240, 'Ratan Singh Jatav', 1000000241, '1000000241', 1, 3),
(241, 'Ritesh Soni', 1000000242, '1000000242', 1, 3),
(242, 'Satyapriya Kujur', 1000000243, '1000000243', 1, 3),
(243, 'Suman Das', 1000000244, '1000000244', 1, 3),
(244, 'Shouryya Mitra', 1000000245, '1000000245', 1, 3),
(245, 'Anup Singh', 1000000246, '1000000246', 1, 3),
(246, 'Santanil Jana', 1000000247, '1000000247', 1, 3),
(247, 'Sidharth', 1000000248, '1000000248', 1, 3),
(248, 'Gurpreet Kaur', 1000000249, '1000000249', 1, 3),
(249, 'Abhijeet Kumar', 1000000250, '1000000250', 1, 3),
(250, 'Vishnu V.S.', 1000000251, '1000000251', 1, 3),
(251, 'Amritpal Kaur', 1000000252, '1000000252', 1, 3),
(252, 'Suman G.R.', 1000000253, '1000000253', 1, 3),
(253, 'Navneet', 1000000254, '1000000254', 1, 3),
(254, 'Ramanathan Chandrasekaran', 1000000255, '1000000255', 1, 3),
(255, 'Dishti Gupta', 1000000256, '1000000256', 1, 3),
(256, 'Annandaa Shankara Dash', 1000000257, '1000000257', 1, 3),
(257, 'Rama Chaudhary', 1000000258, '1000000258', 1, 3),
(258, 'Apoorva Anant Hegde', 1000000259, '1000000259', 1, 3),
(259, 'Anurag Saha Roy', 1000000260, '1000000260', 1, 3),
(260, 'Sushovan Mondal', 1000000261, '1000000261', 1, 3),
(261, 'Ashima Rawat', 1000000262, '1000000262', 1, 3),
(262, 'Arzoo Sharma', 1000000263, '1000000263', 1, 3),
(263, 'Nijin C John', 1000000264, '1000000264', 1, 3),
(264, 'Deepak Kumar', 1000000265, '1000000265', 1, 3),
(265, 'Rajat Kapoor', 1000000266, '1000000266', 1, 3),
(266, 'Chinta Jyothsna', 1000000267, '1000000267', 1, 3),
(267, 'P. Jaya Bharath', 1000000268, '1000000268', 1, 3),
(268, 'Vardhan Sangar', 1000000269, '1000000269', 1, 3),
(269, 'Akash Kumar Gupta', 1000000270, '1000000270', 1, 3),
(270, 'S. Saroja', 1000000271, '1000000271', 1, 3),
(271, 'Soubhik Rakshit', 1000000272, '1000000272', 1, 4),
(272, 'Akshay Prasad Singh', 1000000273, '1000000273', 1, 4),
(273, 'Chimed Palden', 1000000274, '1000000274', 1, 4),
(274, 'Shubham Kumar', 1000000275, '1000000275', 1, 4),
(275, 'Uzair Khan', 1000000276, '1000000276', 1, 4),
(276, 'Varu Bharadwaj', 1000000277, '1000000277', 1, 4),
(277, 'Garima Dhanania', 1000000278, '1000000278', 1, 4),
(278, 'Harsharn Kaur', 1000000279, '1000000279', 1, 4),
(279, 'Nisha Chetna Sastry', 1000000280, '1000000280', 1, 4),
(280, 'Rajesh Shreedhar Bhat', 1000000281, '1000000281', 1, 4),
(281, 'Nidhi Sridhar', 1000000282, '1000000282', 1, 4),
(282, 'Jay Panchal', 1000000283, '1000000283', 1, 4),
(283, 'Debarati Das', 1000000284, '1000000284', 1, 4),
(284, 'Abhishek Sachan', 1000000285, '1000000285', 1, 4),
(285, 'Shivam Srivastava', 1000000286, '1000000286', 1, 4),
(286, 'Ranjan Kumar', 1000000287, '1000000287', 1, 4),
(287, 'Harsh Gangwar', 1000000288, '1000000288', 1, 4),
(288, 'Vishal Sharma', 1000000289, '1000000289', 1, 4),
(289, 'Sundeep Kumar', 1000000290, '1000000290', 1, 4),
(290, 'Vivek Yadav', 1000000291, '1000000291', 1, 4),
(291, 'Vandana Gupta', 1000000292, '1000000292', 1, 4),
(292, 'anubhav singh', 1000000293, '1000000293', 1, 4),
(293, 'akash tewari', 1000000294, '1000000294', 1, 4),
(294, 'saloni shrivastava', 1000000295, '1000000295', 1, 4),
(295, 'Gaurav Juneja', 1000000296, '1000000296', 1, 4),
(296, 'Sabeena Yasmin Hera', 1000000297, '1000000297', 1, 4),
(297, 'prateek jain', 1000000298, '1000000298', 1, 4),
(298, 'Pranab Mohan', 1000000299, '1000000299', 1, 4),
(299, 'maneesha yadav', 1000000300, '1000000300', 1, 4),
(300, 'Akanksha', 1000000301, '1000000301', 1, 4),
(301, 'Shivani Singh', 1000000302, '1000000302', 1, 4),
(302, 'Devyani Gupta', 1000000303, '1000000303', 1, 4),
(303, 'Indra kumar verma', 1000000304, '1000000304', 1, 4),
(304, 'Aakash Chandhoke', 1000000305, '1000000305', 1, 4),
(305, 'Akash Jain', 1000000306, '1000000306', 1, 4),
(306, 'Akash Mittal', 1000000307, '1000000307', 1, 4),
(307, 'Nawaz Akhtar', 1000000308, '1000000308', 1, 4),
(308, 'Vrinda Mittal', 1000000309, '1000000309', 1, 4),
(309, 'Sukriti Agarwal', 1000000310, '1000000310', 1, 4),
(310, 'Surabhi Singh', 1000000311, '1000000311', 1, 4),
(311, 'Vicky Chaprana', 1000000312, '1000000312', 1, 4),
(312, 'Yashaswi Pratap Singh', 1000000313, '1000000313', 1, 4),
(313, 'Sourabh Malhotra', 1000000314, '1000000314', 1, 4),
(314, 'HARENDRA VARSHNEY', 1000000315, '1000000315', 1, 4),
(315, 'Priyank Bahl', 1000000316, '1000000316', 1, 4),
(316, 'Shivam Batra', 1000000317, '1000000317', 1, 4),
(317, 'Bhavana Patel', 1000000318, '1000000318', 1, 4),
(318, 'Tanvi Singhal', 1000000319, '1000000319', 1, 4),
(319, 'Tapsi Gupta', 1000000320, '1000000320', 1, 4),
(320, 'Shaivya Singh', 1000000321, '1000000321', 1, 4),
(321, 'Ritesh Gupta', 1000000322, '1000000322', 1, 4),
(322, 'Sparsh Khandelwal', 1000000323, '1000000323', 1, 4),
(323, 'Prince ok Bharti', 1000000324, '1000000324', 1, 4),
(324, 'Yugam Soni', 1000000325, '1000000325', 1, 4),
(325, 'Rahul pankaj', 1000000326, '1000000326', 1, 4),
(326, 'Rohi Gupta', 1000000327, '1000000327', 1, 4),
(327, 'Saksham bharti', 1000000328, '1000000328', 1, 4),
(328, 'Farhan Ansari', 1000000329, '1000000329', 1, 4),
(329, 'ajit chuahna', 1000000330, '1000000330', 1, 4),
(330, 'krati saxena', 1000000331, '1000000331', 1, 4),
(331, 'salil shukla', 1000000332, '1000000332', 1, 4),
(332, 'Sarush Goel', 1000000333, '1000000333', 1, 4),
(333, 'Rajat Mittal', 1000000334, '1000000334', 1, 4),
(334, 'Utkarsh gupta', 1000000335, '1000000335', 1, 4),
(335, 'Sachin mishra', 1000000336, '1000000336', 1, 4),
(336, 'Prakhar Arya', 1000000337, '1000000337', 1, 4),
(337, 'Sagar tyagi', 1000000338, '1000000338', 1, 4),
(338, 'Sidhant kapoor', 1000000339, '1000000339', 1, 4),
(339, 'Saumya Arya', 1000000340, '1000000340', 1, 4),
(340, 'shivam dixit', 1000000341, '1000000341', 1, 4),
(341, 'Mohit Kumar', 1000000342, '1000000342', 1, 4),
(342, 'Raju Kumar', 1000000343, '1000000343', 1, 4),
(343, 'Hare Murari', 1000000344, '1000000344', 1, 4),
(344, 'Tanu Kardam', 1000000345, '1000000345', 1, 4),
(345, 'Siddharth Singh Taragi', 1000000346, '1000000346', 1, 4),
(346, 'Jaishant Bharti', 1000000347, '1000000347', 1, 4),
(347, 'sujata shakya', 1000000348, '1000000348', 1, 4),
(348, 'Apoorva Sharma', 1000000349, '1000000349', 1, 4),
(349, 'Rashmi Rani', 1000000350, '1000000350', 1, 4),
(350, 'riya kathil', 1000000351, '1000000351', 1, 4),
(351, 'Naveen Kumar', 1000000352, '1000000352', 1, 4),
(352, 'Aakash Chandhoke', 1000000353, '1000000353', 1, 4),
(353, 'Anubhav Vashishtha', 1000000354, '1000000354', 1, 4),
(354, 'Anurag Shukla', 1000000355, '1000000355', 1, 4),
(355, 'Ankur Goel', 1000000356, '1000000356', 1, 4),
(356, 'Anchit Srivastava', 1000000357, '1000000357', 1, 4),
(357, 'Farhan Ansari', 1000000358, '1000000358', 1, 4),
(358, 'Harsh Gangwar', 1000000359, '1000000359', 1, 4),
(359, 'Pragati Singh', 1000000360, '1000000360', 1, 4),
(360, 'Gaurav Juneja', 1000000361, '1000000361', 1, 4),
(361, 'Devyani Gupta', 1000000362, '1000000362', 1, 5),
(362, 'Akash Mittal', 1000000363, '1000000363', 1, 5),
(363, 'Ayushi Srivastava', 1000000364, '1000000364', 1, 5),
(364, 'Amandeep Sone', 1000000365, '1000000365', 1, 5),
(365, 'Indra Kumar Verma', 1000000366, '1000000366', 1, 5),
(366, 'Deeksha agrawal', 1000000367, '1000000367', 1, 5),
(367, 'Anuj Panw', 1000000368, '1000000368', 1, 5),
(368, 'Abhishek Bajpai', 1000000369, '1000000369', 1, 5),
(369, 'Siddhant Yadav', 1000000370, '1000000370', 1, 5),
(370, 'Nikhil Verma', 1000000371, '1000000371', 1, 5),
(371, 'Arman Ahmed', 1000000372, '1000000372', 1, 5),
(372, 'Ankur Gupta', 1000000373, '1000000373', 1, 5),
(373, 'Riddhi Agarwal', 1000000374, '1000000374', 1, 5),
(374, 'Gautam lal', 1000000375, '1000000375', 1, 5),
(375, 'Akanksha', 1000000376, '1000000376', 1, 5),
(376, 'Akash Tewari', 1000000377, '1000000377', 1, 5),
(377, 'Vibha Chugh', 1000000378, '1000000378', 1, 5),
(378, 'Maneesha Yadav', 1000000379, '1000000379', 1, 5),
(379, 'Devansh Kumar', 1000000380, '1000000380', 1, 5),
(380, 'Deshraj', 1000000381, '1000000381', 1, 5),
(381, 'Kshitij Tiwari', 1000000382, '1000000382', 1, 5),
(382, 'Pranab Mohan', 1000000383, '1000000383', 1, 5),
(383, 'Nishi Agarwal', 1000000384, '1000000384', 1, 5),
(384, 'Anubhav singh', 1000000385, '1000000385', 1, 5),
(385, 'Pankhuri Rastogi', 1000000386, '1000000386', 1, 5),
(386, 'Neha Singh', 1000000387, '1000000387', 1, 5),
(387, 'Prakhar Goel', 1000000388, '1000000388', 1, 5),
(388, 'Nancy Jaiswal', 1000000389, '1000000389', 1, 5),
(389, 'Nawaz Akhtar', 1000000390, '1000000390', 1, 5),
(390, 'Akash Jain', 1000000391, '1000000391', 1, 5),
(391, 'Anukriti Kumar', 1000000392, '1000000392', 1, 5),
(392, 'vishal vikram singh', 1000000393, '1000000393', 1, 5),
(393, 'Anurag Garg', 1000000394, '1000000394', 1, 5),
(394, 'Anshul Verma', 1000000395, '1000000395', 1, 5),
(395, 'Ashish Kushwaha', 1000000396, '1000000396', 1, 5),
(396, 'Isha Singh', 1000000397, '1000000397', 1, 5),
(397, 'Aviral Yadav', 1000000398, '1000000398', 1, 5),
(398, 'Dushyant Kumar Bharti', 1000000399, '1000000399', 1, 5),
(399, 'Kunal Singh Rajput', 1000000400, '1000000400', 1, 5),
(400, 'Akash Inani', 1000000401, '1000000401', 1, 5),
(401, 'Pragya Gupta', 1000000402, '1000000402', 1, 5),
(402, 'Divyansh Goel', 1000000403, '1000000403', 1, 5),
(403, 'Amar Kant Yadav', 1000000404, '1000000404', 1, 5),
(404, 'Mansi Singhal', 1000000405, '1000000405', 1, 5),
(405, 'sachin', 1000000406, '1000000406', 1, 5),
(406, 'Sumit kumar', 1000000407, '1000000407', 1, 5),
(407, 'Anurag Sharma', 1000000408, '1000000408', 1, 5),
(408, 'Pradeep kumar', 1000000409, '1000000409', 1, 5),
(409, 'Mukesh Kumar', 1000000410, '1000000410', 1, 5),
(410, 'Prashant Chaudhary', 1000000411, '1000000411', 1, 5),
(411, 'Kushagra Deep Choudhary', 1000000412, '1000000412', 1, 5),
(412, 'Kartik Mittal', 1000000413, '1000000413', 1, 5),
(413, 'Krati Saxena', 1000000414, '1000000414', 1, 5),
(414, 'Anant Garg', 1000000415, '1000000415', 1, 5),
(415, 'Nikhil Srivastava', 1000000416, '1000000416', 1, 5),
(416, 'Chahat Mourya', 1000000417, '1000000417', 1, 5),
(417, 'Krity Jain', 1000000418, '1000000418', 1, 5),
(418, 'Amit Ranjan', 1000000419, '1000000419', 1, 5),
(419, 'Ritwik Jain', 1000000420, '1000000420', 1, 5),
(420, 'Saurabh Vishwakarma', 1000000421, '1000000421', 1, 5),
(421, 'Naveen jangra', 1000000422, '1000000422', 1, 5),
(422, 'Dhiraj Sharma', 1000000423, '1000000423', 1, 5),
(423, 'Bijal', 1000000424, '1000000424', 1, 5),
(424, 'Bikram', 1000000425, '1000000425', 1, 5),
(425, 'Bilva', 1000000426, '1000000426', 1, 5),
(426, 'Bimal', 1000000427, '1000000427', 1, 5),
(427, 'Bindusar', 1000000428, '1000000428', 1, 5),
(428, 'Bipin', 1000000429, '1000000429', 1, 5),
(429, 'Birbal', 1000000430, '1000000430', 1, 5),
(430, 'Bitasok', 1000000431, '1000000431', 1, 5),
(431, 'Bodhan', 1000000432, '1000000432', 1, 5),
(432, 'Bijal', 1000000433, '1000000433', 1, 5),
(433, 'Bikram', 1000000434, '1000000434', 1, 5),
(434, 'Bilva', 1000000435, '1000000435', 1, 5),
(435, 'Bimal', 1000000436, '1000000436', 1, 5),
(436, 'Bindusar', 1000000437, '1000000437', 1, 5),
(437, 'Bipin', 1000000438, '1000000438', 1, 5),
(438, 'Birbal', 1000000439, '1000000439', 1, 5),
(439, 'Bitasok', 1000000440, '1000000440', 1, 5),
(440, 'Bodhan', 1000000441, '1000000441', 1, 5),
(441, 'DEVENDRA SINGH', 1000000442, '1000000442', 1, 5),
(442, 'Chittesh', 1000000443, '1000000443', 1, 5),
(443, 'Chudamani', 1000000444, '1000000444', 1, 5),
(444, 'Dabeet', 1000000445, '1000000445', 1, 5),
(445, 'Daha', 1000000446, '1000000446', 1, 5),
(446, 'Daivya', 1000000447, '1000000447', 1, 5),
(447, 'Daiwik', 1000000448, '1000000448', 1, 5),
(448, 'Daksha', 1000000449, '1000000449', 1, 5),
(449, 'Dakshesh', 1000000450, '1000000450', 1, 5),
(450, 'Dakshi', 1000000451, '1000000451', 1, 5),
(451, 'Dakshina', 1000000452, '1000000452', 1, 6),
(452, 'Dalajit', 1000000453, '1000000453', 1, 6),
(453, 'Dalapathi', 1000000454, '1000000454', 1, 6),
(454, 'Dalbhya', 1000000455, '1000000455', 1, 6),
(455, 'Daman', 1000000456, '1000000456', 1, 6),
(456, 'Damian', 1000000457, '1000000457', 1, 6),
(457, 'Damodar', 1000000458, '1000000458', 1, 6),
(458, 'Danuj', 1000000459, '1000000459', 1, 6),
(459, 'Danvir', 1000000460, '1000000460', 1, 6),
(460, 'Darpak', 1000000461, '1000000461', 1, 6),
(461, 'Darpan', 1000000462, '1000000462', 1, 6),
(462, 'Darshan', 1000000463, '1000000463', 1, 6),
(463, 'Daruka', 1000000464, '1000000464', 1, 6),
(464, 'Dasharath', 1000000465, '1000000465', 1, 6),
(465, 'Dasharathi', 1000000466, '1000000466', 1, 6),
(466, 'Dasmaya', 1000000467, '1000000467', 1, 6),
(467, 'Dattatreya', 1000000468, '1000000468', 1, 6),
(468, 'Dayada', 1000000469, '1000000469', 1, 6),
(469, 'Dayakara', 1000000470, '1000000470', 1, 6),
(470, 'Dayanand', 1000000471, '1000000471', 1, 6),
(471, 'Dayanidhi', 1000000472, '1000000472', 1, 6),
(472, 'Dayasagara', 1000000473, '1000000473', 1, 6),
(473, 'Dayashankar', 1000000474, '1000000474', 1, 6),
(474, 'Debashis', 1000000475, '1000000475', 1, 6),
(475, 'Debashish', 1000000476, '1000000476', 1, 6),
(476, 'Deenabandhu', 1000000477, '1000000477', 1, 6),
(477, 'Deep', 1000000478, '1000000478', 1, 6),
(478, 'Deepak', 1000000479, '1000000479', 1, 6),
(479, 'Deepan', 1000000480, '1000000480', 1, 6),
(480, 'Deepankar', 1000000481, '1000000481', 1, 6),
(481, 'Deependra', 1000000482, '1000000482', 1, 6),
(482, 'Deependu', 1000000483, '1000000483', 1, 6),
(483, 'Deepesh', 1000000484, '1000000484', 1, 6),
(484, 'Deepit', 1000000485, '1000000485', 1, 6),
(485, 'Deeptanshu', 1000000486, '1000000486', 1, 6),
(486, 'Deeptendu', 1000000487, '1000000487', 1, 6),
(487, 'Deeptiman', 1000000488, '1000000488', 1, 6),
(488, 'Deeptimoy', 1000000489, '1000000489', 1, 6),
(489, 'Dev', 1000000490, '1000000490', 1, 6),
(490, 'Dev Kumar', 1000000491, '1000000491', 1, 6),
(491, 'Devabrata', 1000000492, '1000000492', 1, 6),
(492, 'Devachandra', 1000000493, '1000000493', 1, 6),
(493, 'Devadarshan', 1000000494, '1000000494', 1, 6),
(494, 'Devadas', 1000000495, '1000000495', 1, 6),
(495, 'Devadatta', 1000000496, '1000000496', 1, 6),
(496, 'Devadhipa', 1000000497, '1000000497', 1, 6),
(497, 'Devadutt', 1000000498, '1000000498', 1, 6),
(498, 'Devadyumna', 1000000499, '1000000499', 1, 6),
(499, 'Devajyoti', 1000000500, '1000000500', 1, 6),
(500, 'Devak', 1000000501, '1000000501', 1, 6),
(501, 'Devakantha', 1000000502, '1000000502', 1, 6),
(502, 'Devamadana', 1000000503, '1000000503', 1, 6),
(503, 'Devanand', 1000000504, '1000000504', 1, 6),
(504, 'Devang', 1000000505, '1000000505', 1, 6),
(505, 'Devaraj', 1000000506, '1000000506', 1, 6),
(506, 'Devarpana', 1000000507, '1000000507', 1, 6),
(507, 'Devarsi', 1000000508, '1000000508', 1, 6),
(508, 'Devarya', 1000000509, '1000000509', 1, 6),
(509, 'Devdas', 1000000510, '1000000510', 1, 6),
(510, 'Devdutta', 1000000511, '1000000511', 1, 6),
(511, 'Devendra', 1000000512, '1000000512', 1, 6),
(512, 'Devesh', 1000000513, '1000000513', 1, 6),
(513, 'Deveshwar', 1000000514, '1000000514', 1, 6),
(514, 'Devilal', 1000000515, '1000000515', 1, 6),
(515, 'Deviprasad', 1000000516, '1000000516', 1, 6),
(516, 'Devnarayan', 1000000517, '1000000517', 1, 6),
(517, 'Devnath', 1000000518, '1000000518', 1, 6),
(518, 'Devraj', 1000000519, '1000000519', 1, 6),
(519, 'Devya', 1000000520, '1000000520', 1, 6),
(520, 'Dhanajit', 1000000521, '1000000521', 1, 6),
(521, 'Dhananjay', 1000000522, '1000000522', 1, 6),
(522, 'Dhanesh', 1000000523, '1000000523', 1, 6),
(523, 'Dhanraj', 1000000524, '1000000524', 1, 6),
(524, 'Gurmeet', 1000000525, '1000000525', 1, 6),
(525, 'Gurnam', 1000000526, '1000000526', 1, 6),
(526, 'Gurpreet', 1000000527, '1000000527', 1, 6),
(527, 'Gursharan', 1000000528, '1000000528', 1, 6),
(528, 'Guru', 1000000529, '1000000529', 1, 6),
(529, 'Gurudas', 1000000530, '1000000530', 1, 6),
(530, 'Gurudutt', 1000000531, '1000000531', 1, 6),
(531, 'Gyan', 1000000532, '1000000532', 1, 6),
(532, 'Gyandev', 1000000533, '1000000533', 1, 6),
(533, 'Habib', 1000000534, '1000000534', 1, 6),
(534, 'Hafiz', 1000000535, '1000000535', 1, 6),
(535, 'Hakesh', 1000000536, '1000000536', 1, 6),
(536, 'Hamid', 1000000537, '1000000537', 1, 6),
(537, 'Hamir', 1000000538, '1000000538', 1, 6),
(538, 'Hans', 1000000539, '1000000539', 1, 6),
(539, 'Hansaraj', 1000000540, '1000000540', 1, 6),
(540, 'Hanuman', 1000000541, '1000000541', 1, 6),
(541, 'Hanumant', 1000000542, '1000000542', 1, 7),
(542, 'Hardik', 1000000543, '1000000543', 1, 7),
(543, 'Harekrishna', 1000000544, '1000000544', 1, 7),
(544, 'Harendra', 1000000545, '1000000545', 1, 7),
(545, 'Haresh', 1000000546, '1000000546', 1, 7),
(546, 'Hari', 1000000547, '1000000547', 1, 7),
(547, 'Haridas', 1000000548, '1000000548', 1, 7),
(548, 'Harigopal', 1000000549, '1000000549', 1, 7),
(549, 'Harihar', 1000000550, '1000000550', 1, 7),
(550, 'Harikanth', 1000000551, '1000000551', 1, 7),
(551, 'Harilal', 1000000552, '1000000552', 1, 7),
(552, 'Harinaksh', 1000000553, '1000000553', 1, 7),
(553, 'Harinarayan', 1000000554, '1000000554', 1, 7),
(554, 'Hariom', 1000000555, '1000000555', 1, 7),
(555, 'Hariprasad', 1000000556, '1000000556', 1, 7),
(556, 'Hariraj', 1000000557, '1000000557', 1, 7),
(557, 'Hariram', 1000000558, '1000000558', 1, 7),
(558, 'Harish', 1000000559, '1000000559', 1, 7),
(559, 'Harishankar', 1000000560, '1000000560', 1, 7),
(560, 'Harishchandra', 1000000561, '1000000561', 1, 7),
(561, 'Haritbaran', 1000000562, '1000000562', 1, 7),
(562, 'Atralarasu', 1000000563, '1000000563', 1, 7),
(563, 'Atreya', 1000000564, '1000000564', 1, 7),
(564, 'Atul', 1000000565, '1000000565', 1, 7),
(565, 'Atul, Atulya', 1000000566, '1000000566', 1, 7),
(566, 'Atulya', 1000000567, '1000000567', 1, 7),
(567, 'Avadhesh', 1000000568, '1000000568', 1, 7),
(568, 'Avanindra', 1000000569, '1000000569', 1, 7),
(569, 'Avanish', 1000000570, '1000000570', 1, 7),
(570, 'Avatar', 1000000571, '1000000571', 1, 7),
(571, 'Avikshit', 1000000572, '1000000572', 1, 7),
(572, 'Avinash', 1000000573, '1000000573', 1, 7),
(573, 'Avkash', 1000000574, '1000000574', 1, 7),
(574, 'Ayog', 1000000575, '1000000575', 1, 7),
(575, 'Ayushman', 1000000576, '1000000576', 1, 7),
(576, 'Ayyapan', 1000000577, '1000000577', 1, 7),
(577, 'Badal', 1000000578, '1000000578', 1, 7),
(578, 'Badri', 1000000579, '1000000579', 1, 7),
(579, 'Badrinath', 1000000580, '1000000580', 1, 7),
(580, 'Badriprasad', 1000000581, '1000000581', 1, 7),
(581, 'Bahubali', 1000000582, '1000000582', 1, 7),
(582, 'Bahuleya', 1000000583, '1000000583', 1, 7),
(583, 'Bahumanya', 1000000584, '1000000584', 1, 7),
(584, 'Bahurai', 1000000585, '1000000585', 1, 7),
(585, 'Bajrang', 1000000586, '1000000586', 1, 7),
(586, 'Bakhtawar', 1000000587, '1000000587', 1, 7),
(587, 'Balaaditya', 1000000588, '1000000588', 1, 7),
(588, 'Balachandra', 1000000589, '1000000589', 1, 7),
(589, 'Balachandrav', 1000000590, '1000000590', 1, 7),
(590, 'Baladhi', 1000000591, '1000000591', 1, 7),
(591, 'Baladhitya', 1000000592, '1000000592', 1, 7),
(592, 'Balagovind', 1000000593, '1000000593', 1, 7),
(593, 'Balaji', 1000000594, '1000000594', 1, 7),
(594, 'Balakrishna', 1000000595, '1000000595', 1, 7),
(595, 'Balakumar', 1000000596, '1000000596', 1, 7),
(596, 'Balamani', 1000000597, '1000000597', 1, 7),
(597, 'Balamohan', 1000000598, '1000000598', 1, 7),
(598, 'Balamurugan', 1000000599, '1000000599', 1, 7),
(599, 'Balan', 1000000600, '1000000600', 1, 7),
(600, 'Balanath', 1000000601, '1000000601', 1, 7),
(601, 'Balaraj', 1000000602, '1000000602', 1, 7),
(602, 'Induhasan', 1000000603, '1000000603', 1, 7),
(603, 'Indukanta', 1000000604, '1000000604', 1, 7),
(604, 'Indulal', 1000000605, '1000000605', 1, 7),
(605, 'Indumat', 1000000606, '1000000606', 1, 7),
(606, 'Indushekhar', 1000000607, '1000000607', 1, 7),
(607, 'Inesh', 1000000608, '1000000608', 1, 7),
(608, 'Iniyavan', 1000000609, '1000000609', 1, 7),
(609, 'Intekhab', 1000000610, '1000000610', 1, 7),
(610, 'Iqbal', 1000000611, '1000000611', 1, 7),
(611, 'Iraiyavan', 1000000612, '1000000612', 1, 7),
(612, 'Irfan', 1000000613, '1000000613', 1, 7),
(613, 'Iri', 1000000614, '1000000614', 1, 7),
(614, 'Irshaad', 1000000615, '1000000615', 1, 7),
(615, 'Irya', 1000000616, '1000000616', 1, 7),
(616, 'Isaiarasu', 1000000617, '1000000617', 1, 7),
(617, 'Isaivalan', 1000000618, '1000000618', 1, 7),
(618, 'Isar', 1000000619, '1000000619', 1, 7),
(619, 'Ishan', 1000000620, '1000000620', 1, 7),
(620, 'Ishrat', 1000000621, '1000000621', 1, 7),
(621, 'Ishwar', 1000000622, '1000000622', 1, 7),
(622, 'Itish', 1000000623, '1000000623', 1, 7),
(623, 'Iyyappan', 1000000624, '1000000624', 1, 7),
(624, 'Izhar', 1000000625, '1000000625', 1, 7),
(625, 'Jadhav', 1000000626, '1000000626', 1, 7),
(626, 'Jag', 1000000627, '1000000627', 1, 7),
(627, 'Jagachandra', 1000000628, '1000000628', 1, 7),
(628, 'Jagad', 1000000629, '1000000629', 1, 7),
(629, 'Jagadayu', 1000000630, '1000000630', 1, 7),
(630, 'Jagadbandu', 1000000631, '1000000631', 1, 7),
(631, 'Jagadeep', 1000000632, '1000000632', 1, 8),
(632, 'Jagadev', 1000000633, '1000000633', 1, 8),
(633, 'Jagadhidh', 1000000634, '1000000634', 1, 8),
(634, 'Jagadip', 1000000635, '1000000635', 1, 8),
(635, 'Jagadish', 1000000636, '1000000636', 1, 8),
(636, 'Jagajeet', 1000000637, '1000000637', 1, 8),
(637, 'Jagajeevan', 1000000638, '1000000638', 1, 8),
(638, 'Jagan', 1000000639, '1000000639', 1, 8),
(639, 'Jaganmay', 1000000640, '1000000640', 1, 8),
(640, 'Jagannath', 1000000641, '1000000641', 1, 8),
(641, 'Jagath', 1000000642, '1000000642', 1, 8),
(642, 'Jagesh', 1000000643, '1000000643', 1, 8),
(643, 'Jagjeevan', 1000000644, '1000000644', 1, 8),
(644, 'Jagmohan', 1000000645, '1000000645', 1, 8),
(645, 'Jahan', 1000000646, '1000000646', 1, 8),
(646, 'Jai', 1000000647, '1000000647', 1, 8),
(647, 'Jaichand', 1000000648, '1000000648', 1, 8),
(648, 'Jaidayal', 1000000649, '1000000649', 1, 8),
(649, 'Jaidev', 1000000650, '1000000650', 1, 8),
(650, 'Jaigath', 1000000651, '1000000651', 1, 8),
(651, 'Jaigopal', 1000000652, '1000000652', 1, 8),
(652, 'Jaikrishna', 1000000653, '1000000653', 1, 8),
(653, 'Jaimini', 1000000654, '1000000654', 1, 8),
(654, 'Jainarayan', 1000000655, '1000000655', 1, 8),
(655, 'Jaipal', 1000000656, '1000000656', 1, 8),
(656, 'Jairaj', 1000000657, '1000000657', 1, 8),
(657, 'Jaisal', 1000000658, '1000000658', 1, 8),
(658, 'Jaishankar', 1000000659, '1000000659', 1, 8),
(659, 'Krishnamurari', 1000000660, '1000000660', 1, 8),
(660, 'Krishnamurthy', 1000000661, '1000000661', 1, 8),
(661, 'Krishnaroop', 1000000662, '1000000662', 1, 8),
(662, 'Krishnendu', 1000000663, '1000000663', 1, 8),
(663, 'Kshaunish', 1000000664, '1000000664', 1, 8),
(664, 'Kuber', 1000000665, '1000000665', 1, 8),
(665, 'Kuberchand', 1000000666, '1000000666', 1, 8),
(666, 'Kularanjan', 1000000667, '1000000667', 1, 8),
(667, 'Kulbhushan', 1000000668, '1000000668', 1, 8),
(668, 'Kuldeep', 1000000669, '1000000669', 1, 8),
(669, 'Kulik', 1000000670, '1000000670', 1, 8),
(670, 'Kumar', 1000000671, '1000000671', 1, 8),
(671, 'Kunal', 1000000672, '1000000672', 1, 8),
(672, 'Kundan', 1000000673, '1000000673', 1, 8),
(673, 'Kundanlal', 1000000674, '1000000674', 1, 8),
(674, 'Kundir', 1000000675, '1000000675', 1, 8),
(675, 'Kunja', 1000000676, '1000000676', 1, 8),
(676, 'Kunjabihari', 1000000677, '1000000677', 1, 8),
(677, 'Kush', 1000000678, '1000000678', 1, 8),
(678, 'Kushal', 1000000679, '1000000679', 1, 8),
(679, 'Kusumakar', 1000000680, '1000000680', 1, 8),
(680, 'Lagan', 1000000681, '1000000681', 1, 8),
(681, 'Lakshin', 1000000682, '1000000682', 1, 8),
(682, 'Lakshman', 1000000683, '1000000683', 1, 8),
(683, 'Lakshmibanta', 1000000684, '1000000684', 1, 8),
(684, 'Lakshmidhar', 1000000685, '1000000685', 1, 8),
(685, 'Lakshmigopal', 1000000686, '1000000686', 1, 8),
(686, 'Lakshmikanta', 1000000687, '1000000687', 1, 8),
(687, 'Lalit', 1000000688, '1000000688', 1, 8),
(688, 'Lalitaditya', 1000000689, '1000000689', 1, 8),
(689, 'Lalitchandra', 1000000690, '1000000690', 1, 8),
(690, 'Lalitkishore', 1000000691, '1000000691', 1, 8),
(691, 'Lalitkumar', 1000000692, '1000000692', 1, 8),
(692, 'Lalitmohan', 1000000693, '1000000693', 1, 8),
(693, 'Lambodar', 1000000694, '1000000694', 1, 8),
(694, 'Lankesh', 1000000695, '1000000695', 1, 8),
(695, 'Makur', 1000000696, '1000000696', 1, 8),
(696, 'Malay', 1000000697, '1000000697', 1, 8),
(697, 'Manajith', 1000000698, '1000000698', 1, 8),
(698, 'Manas', 1000000699, '1000000699', 1, 8),
(699, 'Manasi', 1000000700, '1000000700', 1, 8),
(700, 'Manasyu', 1000000701, '1000000701', 1, 8),
(701, 'Manav', 1000000702, '1000000702', 1, 8),
(702, 'Manavendra', 1000000703, '1000000703', 1, 8),
(703, 'Mandan', 1000000704, '1000000704', 1, 8),
(704, 'Mandar', 1000000705, '1000000705', 1, 8),
(705, 'Mandeep', 1000000706, '1000000706', 1, 8),
(706, 'Mandhatri', 1000000707, '1000000707', 1, 8),
(707, 'Mandin', 1000000708, '1000000708', 1, 8),
(708, 'Mandir', 1000000709, '1000000709', 1, 8),
(709, 'Mandith', 1000000710, '1000000710', 1, 8),
(710, 'Manendra', 1000000711, '1000000711', 1, 8),
(711, 'Mangal', 1000000712, '1000000712', 1, 8),
(712, 'Mangesh', 1000000713, '1000000713', 1, 8),
(713, 'Mani', 1000000714, '1000000714', 1, 8),
(714, 'Manibhushan', 1000000715, '1000000715', 1, 8),
(715, 'Manik', 1000000716, '1000000716', 1, 8),
(716, 'Manikandan', 1000000717, '1000000717', 1, 8),
(717, 'Manindra', 1000000718, '1000000718', 1, 8),
(718, 'Maniram', 1000000719, '1000000719', 1, 8),
(719, 'Manish', 1000000720, '1000000720', 1, 8),
(720, 'Manishankar', 1000000721, '1000000721', 1, 8);

-- --------------------------------------------------------

--
-- Table structure for table `subjects`
--

CREATE TABLE `subjects` (
  `id` int(4) NOT NULL,
  `department_id` int(4) NOT NULL,
  `subject_code` varchar(10) NOT NULL,
  `subject_name` varchar(120) NOT NULL,
  `internal` int(3) NOT NULL,
  `external` int(3) NOT NULL,
  `total` int(3) NOT NULL
) ENGINE=InnoDB DEFAULT CHARSET=latin1;

--
-- Dumping data for table `subjects`
--

INSERT INTO `subjects` (`id`, `department_id`, `subject_code`, `subject_name`, `internal`, `external`, `total`) VALUES
(1, 1, 'ECS-301', 'Data Structures', 50, 100, 150),
(2, 1, 'ECS-401', 'Computer Organization', 50, 100, 150);

--
-- Indexes for dumped tables
--

--
-- Indexes for table `admin`
--
ALTER TABLE `admin`
  ADD PRIMARY KEY (`id`);

--
-- Indexes for table `batches`
--
ALTER TABLE `batches`
  ADD PRIMARY KEY (`id`);

--
-- Indexes for table `departments`
--
ALTER TABLE `departments`
  ADD PRIMARY KEY (`id`);

--
-- Indexes for table `extra_curricular_scores`
--
ALTER TABLE `extra_curricular_scores`
  ADD PRIMARY KEY (`id`);

--
-- Indexes for table `scores`
--
ALTER TABLE `scores`
  ADD PRIMARY KEY (`id`);

--
-- Indexes for table `students`
--
ALTER TABLE `students`
  ADD PRIMARY KEY (`id`);

--
-- Indexes for table `subjects`
--
ALTER TABLE `subjects`
  ADD PRIMARY KEY (`id`);

--
-- AUTO_INCREMENT for dumped tables
--

--
-- AUTO_INCREMENT for table `admin`
--
ALTER TABLE `admin`
  MODIFY `id` int(3) NOT NULL AUTO_INCREMENT, AUTO_INCREMENT=2;
--
-- AUTO_INCREMENT for table `batches`
--
ALTER TABLE `batches`
  MODIFY `id` int(3) NOT NULL AUTO_INCREMENT, AUTO_INCREMENT=9;
--
-- AUTO_INCREMENT for table `departments`
--
ALTER TABLE `departments`
  MODIFY `id` int(3) NOT NULL AUTO_INCREMENT, AUTO_INCREMENT=2;
--
-- AUTO_INCREMENT for table `extra_curricular_scores`
--
ALTER TABLE `extra_curricular_scores`
  MODIFY `id` int(3) NOT NULL AUTO_INCREMENT, AUTO_INCREMENT=721;
--
-- AUTO_INCREMENT for table `scores`
--
ALTER TABLE `scores`
  MODIFY `id` int(3) NOT NULL AUTO_INCREMENT, AUTO_INCREMENT=1441;
--
-- AUTO_INCREMENT for table `students`
--
ALTER TABLE `students`
  MODIFY `id` int(5) NOT NULL AUTO_INCREMENT, AUTO_INCREMENT=721;
--
-- AUTO_INCREMENT for table `subjects`
--
ALTER TABLE `subjects`
  MODIFY `id` int(4) NOT NULL AUTO_INCREMENT, AUTO_INCREMENT=3;
/*!40101 SET CHARACTER_SET_CLIENT=@OLD_CHARACTER_SET_CLIENT */;
/*!40101 SET CHARACTER_SET_RESULTS=@OLD_CHARACTER_SET_RESULTS */;
/*!40101 SET COLLATION_CONNECTION=@OLD_COLLATION_CONNECTION */;
